base_variant,target_variant,method,estimator,speedup,log10_speedup,base_median_time_ms,target_median_time_ms,stale,base_timestamp,target_timestamp,base_result_file,target_result_file,algorithm_task,target_library,target_device,data_source,data_format,estimator_params,data_params,generation_kwargs,split_kwargs
sklearn,sklearnex-cpu,fit,ExtraTreesClassifier,20.80159557085742,1.3180966484744043,860.9678680077195,41.389510966837406,False,2026-05-29T13:33:57+00:00,2026-05-29T13:41:51+00:00,results/69cd73/results_20260529T133357Z.json,results/62f632/results_20260529T134151Z.json,classification,sklearnex,cpu,make_classification,,"{""max_features"":0.3,""n_estimators"":64,""random_state"":42}","{""generation_kwargs"":{""n_classes"":2,""n_clusters_per_class"":1,""n_features"":1,""n_informative"":1,""n_redundant"":0,""n_samples"":100000},""source"":""make_classification"",""split_kwargs"":{""test_size"":0.2}}","{""n_classes"":2,""n_clusters_per_class"":1,""n_features"":1,""n_informative"":1,""n_redundant"":0,""n_samples"":100000}","{""test_size"":0.2}"
sklearn,sklearnex-cpu,fit,ExtraTreesClassifier,11.424424865937242,1.0578343458239958,266.64614502806216,23.340006009675562,False,2026-05-29T13:33:57+00:00,2026-05-29T13:41:51+00:00,results/69cd73/results_20260529T133357Z.json,results/62f632/results_20260529T134151Z.json,classification,sklearnex,cpu,make_classification,,"{""max_depth"":4,""max_features"":0.3,""n_estimators"":64,""random_state"":42}","{""generation_kwargs"":{""n_classes"":2,""n_clusters_per_class"":1,""n_features"":1,""n_informative"":1,""n_redundant"":0,""n_samples"":100000},""source"":""make_classification"",""split_kwargs"":{""test_size"":0.2}}","{""n_classes"":2,""n_clusters_per_class"":1,""n_features"":1,""n_informative"":1,""n_redundant"":0,""n_samples"":100000}","{""test_size"":0.2}"
sklearn,sklearnex-cpu,fit,ExtraTreesClassifier,9.030684027082366,0.9557206470949389,389.80785000603646,43.164819944649935,False,2026-05-29T13:33:57+00:00,2026-05-29T13:41:51+00:00,results/69cd73/results_20260529T133357Z.json,results/62f632/results_20260529T134151Z.json,classification,sklearnex,cpu,make_classification,,"{""max_features"":0.3,""max_leaf_nodes"":1000,""n_estimators"":64,""random_state"":42}","{""generation_kwargs"":{""n_classes"":2,""n_clusters_per_class"":1,""n_features"":1,""n_informative"":1,""n_redundant"":0,""n_samples"":100000},""source"":""make_classification"",""split_kwargs"":{""test_size"":0.2}}","{""n_classes"":2,""n_clusters_per_class"":1,""n_features"":1,""n_informative"":1,""n_redundant"":0,""n_samples"":100000}","{""test_size"":0.2}"
sklearn,sklearnex-cpu,fit,ExtraTreesClassifier,12.115648066598922,1.083346649527611,318.9014010131359,26.32144803646952,False,2026-05-29T13:33:57+00:00,2026-05-29T13:41:51+00:00,results/69cd73/results_20260529T133357Z.json,results/62f632/results_20260529T134151Z.json,classification,sklearnex,cpu,make_classification,,"{""max_features"":0.3,""n_estimators"":64,""random_state"":42}","{""generation_kwargs"":{""n_classes"":2,""n_features"":20,""n_informative"":10,""n_redundant"":0,""n_samples"":10000},""source"":""make_classification"",""split_kwargs"":{""test_size"":0.2}}","{""n_classes"":2,""n_features"":20,""n_informative"":10,""n_redundant"":0,""n_samples"":10000}","{""test_size"":0.2}"
sklearn,sklearnex-cpu,fit,ExtraTreesClassifier,12.986052261419786,1.1134771463267077,69.65363898780197,5.363726988434792,False,2026-05-29T13:33:57+00:00,2026-05-29T13:41:51+00:00,results/69cd73/results_20260529T133357Z.json,results/62f632/results_20260529T134151Z.json,classification,sklearnex,cpu,make_classification,,"{""max_depth"":4,""max_features"":0.3,""n_estimators"":64,""random_state"":42}","{""generation_kwargs"":{""n_classes"":2,""n_features"":20,""n_informative"":10,""n_redundant"":0,""n_samples"":10000},""source"":""make_classification"",""split_kwargs"":{""test_size"":0.2}}","{""n_classes"":2,""n_features"":20,""n_informative"":10,""n_redundant"":0,""n_samples"":10000}","{""test_size"":0.2}"
sklearn,sklearnex-cpu,fit,ExtraTreesClassifier,10.4929545155252,1.0208977903028078,261.73926796764135,24.944286909885705,False,2026-05-29T13:33:57+00:00,2026-05-29T13:41:51+00:00,results/69cd73/results_20260529T133357Z.json,results/62f632/results_20260529T134151Z.json,classification,sklearnex,cpu,make_classification,,"{""max_features"":0.3,""max_leaf_nodes"":1000,""n_estimators"":64,""random_state"":42}","{""generation_kwargs"":{""n_classes"":2,""n_features"":20,""n_informative"":10,""n_redundant"":0,""n_samples"":10000},""source"":""make_classification"",""split_kwargs"":{""test_size"":0.2}}","{""n_classes"":2,""n_features"":20,""n_informative"":10,""n_redundant"":0,""n_samples"":10000}","{""test_size"":0.2}"
sklearn,sklearnex-cpu,fit,ExtraTreesClassifier,10.631769072504447,1.0266055349374774,420.76332797296345,39.57604093011469,False,2026-05-29T13:33:57+00:00,2026-05-29T13:41:51+00:00,results/69cd73/results_20260529T133357Z.json,results/62f632/results_20260529T134151Z.json,classification,sklearnex,cpu,make_classification,,"{""max_features"":0.3,""n_estimators"":64,""random_state"":42}","{""generation_kwargs"":{""n_classes"":2,""n_features"":500,""n_informative"":250,""n_redundant"":0,""n_samples"":1000},""source"":""make_classification"",""split_kwargs"":{""test_size"":0.2}}","{""n_classes"":2,""n_features"":500,""n_informative"":250,""n_redundant"":0,""n_samples"":1000}","{""test_size"":0.2}"
sklearn,sklearnex-cpu,fit,ExtraTreesClassifier,8.571159472565046,0.933039575537677,135.11893805116415,15.764371026307344,False,2026-05-29T13:33:57+00:00,2026-05-29T13:41:51+00:00,results/69cd73/results_20260529T133357Z.json,results/62f632/results_20260529T134151Z.json,classification,sklearnex,cpu,make_classification,,"{""max_depth"":4,""max_features"":0.3,""n_estimators"":64,""random_state"":42}","{""generation_kwargs"":{""n_classes"":2,""n_features"":500,""n_informative"":250,""n_redundant"":0,""n_samples"":1000},""source"":""make_classification"",""split_kwargs"":{""test_size"":0.2}}","{""n_classes"":2,""n_features"":500,""n_informative"":250,""n_redundant"":0,""n_samples"":1000}","{""test_size"":0.2}"
sklearn,sklearnex-cpu,fit,ExtraTreesClassifier,10.913912821176936,1.0379804803768495,422.58862499147654,38.7201759731397,False,2026-05-29T13:33:57+00:00,2026-05-29T13:41:51+00:00,results/69cd73/results_20260529T133357Z.json,results/62f632/results_20260529T134151Z.json,classification,sklearnex,cpu,make_classification,,"{""max_features"":0.3,""max_leaf_nodes"":1000,""n_estimators"":64,""random_state"":42}","{""generation_kwargs"":{""n_classes"":2,""n_features"":500,""n_informative"":250,""n_redundant"":0,""n_samples"":1000},""source"":""make_classification"",""split_kwargs"":{""test_size"":0.2}}","{""n_classes"":2,""n_features"":500,""n_informative"":250,""n_redundant"":0,""n_samples"":1000}","{""test_size"":0.2}"
sklearn,sklearnex-gpu,fit,ExtraTreesClassifier,6.204641322944857,0.79271668092449,860.9678680077195,138.76190793234855,False,2026-05-29T13:33:57+00:00,2026-05-29T13:41:51+00:00,results/69cd73/results_20260529T133357Z.json,results/62f632/results_20260529T134151Z.json,classification,sklearnex,gpu,make_classification,,"{""max_features"":0.3,""n_estimators"":64,""random_state"":42}","{""generation_kwargs"":{""n_classes"":2,""n_clusters_per_class"":1,""n_features"":1,""n_informative"":1,""n_redundant"":0,""n_samples"":100000},""source"":""make_classification"",""split_kwargs"":{""test_size"":0.2}}","{""n_classes"":2,""n_clusters_per_class"":1,""n_features"":1,""n_informative"":1,""n_redundant"":0,""n_samples"":100000}","{""test_size"":0.2}"
sklearn,sklearnex-gpu,fit,ExtraTreesClassifier,14.100508633916368,1.149234778819851,266.64614502806216,18.91039195470512,False,2026-05-29T13:33:57+00:00,2026-05-29T13:41:51+00:00,results/69cd73/results_20260529T133357Z.json,results/62f632/results_20260529T134151Z.json,classification,sklearnex,gpu,make_classification,,"{""max_depth"":4,""max_features"":0.3,""n_estimators"":64,""random_state"":42}","{""generation_kwargs"":{""n_classes"":2,""n_clusters_per_class"":1,""n_features"":1,""n_informative"":1,""n_redundant"":0,""n_samples"":100000},""source"":""make_classification"",""split_kwargs"":{""test_size"":0.2}}","{""n_classes"":2,""n_clusters_per_class"":1,""n_features"":1,""n_informative"":1,""n_redundant"":0,""n_samples"":100000}","{""test_size"":0.2}"
sklearn,sklearnex-gpu,fit,ExtraTreesClassifier,3.0683491710725748,0.4869047798015248,389.80785000603646,127.04155500978231,False,2026-05-29T13:33:57+00:00,2026-05-29T13:41:51+00:00,results/69cd73/results_20260529T133357Z.json,results/62f632/results_20260529T134151Z.json,classification,sklearnex,gpu,make_classification,,"{""max_features"":0.3,""max_leaf_nodes"":1000,""n_estimators"":64,""random_state"":42}","{""generation_kwargs"":{""n_classes"":2,""n_clusters_per_class"":1,""n_features"":1,""n_informative"":1,""n_redundant"":0,""n_samples"":100000},""source"":""make_classification"",""split_kwargs"":{""test_size"":0.2}}","{""n_classes"":2,""n_clusters_per_class"":1,""n_features"":1,""n_informative"":1,""n_redundant"":0,""n_samples"":100000}","{""test_size"":0.2}"
sklearn,sklearnex-gpu,fit,ExtraTreesClassifier,2.0032158032840397,0.3017277376744961,318.9014010131359,159.19473103713244,False,2026-05-29T13:33:57+00:00,2026-05-29T13:41:51+00:00,results/69cd73/results_20260529T133357Z.json,results/62f632/results_20260529T134151Z.json,classification,sklearnex,gpu,make_classification,,"{""max_features"":0.3,""n_estimators"":64,""random_state"":42}","{""generation_kwargs"":{""n_classes"":2,""n_features"":20,""n_informative"":10,""n_redundant"":0,""n_samples"":10000},""source"":""make_classification"",""split_kwargs"":{""test_size"":0.2}}","{""n_classes"":2,""n_features"":20,""n_informative"":10,""n_redundant"":0,""n_samples"":10000}","{""test_size"":0.2}"
sklearn,sklearnex-gpu,fit,ExtraTreesClassifier,2.1367862244675884,0.3297610751925582,69.65363898780197,32.59738301858306,False,2026-05-29T13:33:57+00:00,2026-05-29T13:41:51+00:00,results/69cd73/results_20260529T133357Z.json,results/62f632/results_20260529T134151Z.json,classification,sklearnex,gpu,make_classification,,"{""max_depth"":4,""max_features"":0.3,""n_estimators"":64,""random_state"":42}","{""generation_kwargs"":{""n_classes"":2,""n_features"":20,""n_informative"":10,""n_redundant"":0,""n_samples"":10000},""source"":""make_classification"",""split_kwargs"":{""test_size"":0.2}}","{""n_classes"":2,""n_features"":20,""n_informative"":10,""n_redundant"":0,""n_samples"":10000}","{""test_size"":0.2}"
sklearn,sklearnex-gpu,fit,ExtraTreesClassifier,1.5960108712156817,0.20303584521828363,261.73926796764135,163.9959180029109,False,2026-05-29T13:33:57+00:00,2026-05-29T13:41:51+00:00,results/69cd73/results_20260529T133357Z.json,results/62f632/results_20260529T134151Z.json,classification,sklearnex,gpu,make_classification,,"{""max_features"":0.3,""max_leaf_nodes"":1000,""n_estimators"":64,""random_state"":42}","{""generation_kwargs"":{""n_classes"":2,""n_features"":20,""n_informative"":10,""n_redundant"":0,""n_samples"":10000},""source"":""make_classification"",""split_kwargs"":{""test_size"":0.2}}","{""n_classes"":2,""n_features"":20,""n_informative"":10,""n_redundant"":0,""n_samples"":10000}","{""test_size"":0.2}"
sklearn,sklearnex-gpu,fit,ExtraTreesClassifier,1.0271152772636196,0.011619188942863824,420.76332797296345,409.65540800243616,False,2026-05-29T13:33:57+00:00,2026-05-29T13:41:51+00:00,results/69cd73/results_20260529T133357Z.json,results/62f632/results_20260529T134151Z.json,classification,sklearnex,gpu,make_classification,,"{""max_features"":0.3,""n_estimators"":64,""random_state"":42}","{""generation_kwargs"":{""n_classes"":2,""n_features"":500,""n_informative"":250,""n_redundant"":0,""n_samples"":1000},""source"":""make_classification"",""split_kwargs"":{""test_size"":0.2}}","{""n_classes"":2,""n_features"":500,""n_informative"":250,""n_redundant"":0,""n_samples"":1000}","{""test_size"":0.2}"
sklearn,sklearnex-gpu,fit,ExtraTreesClassifier,0.5947742075888449,-0.22564787294213612,135.11893805116415,227.17686195392162,False,2026-05-29T13:33:57+00:00,2026-05-29T13:41:51+00:00,results/69cd73/results_20260529T133357Z.json,results/62f632/results_20260529T134151Z.json,classification,sklearnex,gpu,make_classification,,"{""max_depth"":4,""max_features"":0.3,""n_estimators"":64,""random_state"":42}","{""generation_kwargs"":{""n_classes"":2,""n_features"":500,""n_informative"":250,""n_redundant"":0,""n_samples"":1000},""source"":""make_classification"",""split_kwargs"":{""test_size"":0.2}}","{""n_classes"":2,""n_features"":500,""n_informative"":250,""n_redundant"":0,""n_samples"":1000}","{""test_size"":0.2}"
sklearn,sklearnex-gpu,fit,ExtraTreesClassifier,1.0051868921232248,0.002246816653855385,422.58862499147654,420.40801397524774,False,2026-05-29T13:33:57+00:00,2026-05-29T13:41:51+00:00,results/69cd73/results_20260529T133357Z.json,results/62f632/results_20260529T134151Z.json,classification,sklearnex,gpu,make_classification,,"{""max_features"":0.3,""max_leaf_nodes"":1000,""n_estimators"":64,""random_state"":42}","{""generation_kwargs"":{""n_classes"":2,""n_features"":500,""n_informative"":250,""n_redundant"":0,""n_samples"":1000},""source"":""make_classification"",""split_kwargs"":{""test_size"":0.2}}","{""n_classes"":2,""n_features"":500,""n_informative"":250,""n_redundant"":0,""n_samples"":1000}","{""test_size"":0.2}"
sklearn,sklearnex-cpu,fit,ExtraTreesRegressor,79.20588852731278,1.8987574702240062,2802.883807977196,35.38731602020562,False,2026-05-29T13:33:57+00:00,2026-05-29T13:41:51+00:00,results/69cd73/results_20260529T133357Z.json,results/62f632/results_20260529T134151Z.json,regression,sklearnex,cpu,make_regression,,"{""max_features"":0.3,""n_estimators"":64,""random_state"":42}","{""generation_kwargs"":{""n_features"":1,""n_informative"":1,""n_samples"":100000},""source"":""make_regression"",""split_kwargs"":{""test_size"":0.2}}","{""n_features"":1,""n_informative"":1,""n_samples"":100000}","{""test_size"":0.2}"
sklearn,sklearnex-cpu,fit,ExtraTreesRegressor,8.884189778334743,0.9486178270942729,155.91090300586075,17.54925400018692,False,2026-05-29T13:33:57+00:00,2026-05-29T13:41:51+00:00,results/69cd73/results_20260529T133357Z.json,results/62f632/results_20260529T134151Z.json,regression,sklearnex,cpu,make_regression,,"{""max_depth"":4,""max_features"":0.3,""n_estimators"":64,""random_state"":42}","{""generation_kwargs"":{""n_features"":1,""n_informative"":1,""n_samples"":100000},""source"":""make_regression"",""split_kwargs"":{""test_size"":0.2}}","{""n_features"":1,""n_informative"":1,""n_samples"":100000}","{""test_size"":0.2}"
sklearn,sklearnex-cpu,fit,ExtraTreesRegressor,17.481296185071013,1.242573631110382,673.3640410238877,38.51911402307451,False,2026-05-29T13:33:57+00:00,2026-05-29T13:41:51+00:00,results/69cd73/results_20260529T133357Z.json,results/62f632/results_20260529T134151Z.json,regression,sklearnex,cpu,make_regression,,"{""max_features"":0.3,""max_leaf_nodes"":1000,""n_estimators"":64,""random_state"":42}","{""generation_kwargs"":{""n_features"":1,""n_informative"":1,""n_samples"":100000},""source"":""make_regression"",""split_kwargs"":{""test_size"":0.2}}","{""n_features"":1,""n_informative"":1,""n_samples"":100000}","{""test_size"":0.2}"
sklearn,sklearnex-cpu,fit,ExtraTreesRegressor,14.008262635714384,1.1463842755776923,655.2948999451473,46.77917005028576,False,2026-05-29T13:33:57+00:00,2026-05-29T13:41:51+00:00,results/69cd73/results_20260529T133357Z.json,results/62f632/results_20260529T134151Z.json,regression,sklearnex,cpu,make_regression,,"{""max_features"":0.3,""n_estimators"":64,""random_state"":42}","{""generation_kwargs"":{""n_features"":20,""n_informative"":10,""n_samples"":10000},""source"":""make_regression"",""split_kwargs"":{""test_size"":0.2}}","{""n_features"":20,""n_informative"":10,""n_samples"":10000}","{""test_size"":0.2}"
sklearn,sklearnex-cpu,fit,ExtraTreesRegressor,12.054236757553621,1.0811397172040107,60.499310959130526,5.0189250614494085,False,2026-05-29T13:33:57+00:00,2026-05-29T13:41:51+00:00,results/69cd73/results_20260529T133357Z.json,results/62f632/results_20260529T134151Z.json,regression,sklearnex,cpu,make_regression,,"{""max_depth"":4,""max_features"":0.3,""n_estimators"":64,""random_state"":42}","{""generation_kwargs"":{""n_features"":20,""n_informative"":10,""n_samples"":10000},""source"":""make_regression"",""split_kwargs"":{""test_size"":0.2}}","{""n_features"":20,""n_informative"":10,""n_samples"":10000}","{""test_size"":0.2}"
sklearn,sklearnex-cpu,fit,ExtraTreesRegressor,15.208185524876953,1.1820774018544187,301.8962610512972,19.85090598464012,False,2026-05-29T13:33:57+00:00,2026-05-29T13:41:51+00:00,results/69cd73/results_20260529T133357Z.json,results/62f632/results_20260529T134151Z.json,regression,sklearnex,cpu,make_regression,,"{""max_features"":0.3,""max_leaf_nodes"":1000,""n_estimators"":64,""random_state"":42}","{""generation_kwargs"":{""n_features"":20,""n_informative"":10,""n_samples"":10000},""source"":""make_regression"",""split_kwargs"":{""test_size"":0.2}}","{""n_features"":20,""n_informative"":10,""n_samples"":10000}","{""test_size"":0.2}"
sklearn,sklearnex-cpu,fit,ExtraTreesRegressor,11.713461449312357,1.06868525256128,958.853646996431,81.85912005137652,False,2026-05-29T13:33:57+00:00,2026-05-29T13:41:51+00:00,results/69cd73/results_20260529T133357Z.json,results/62f632/results_20260529T134151Z.json,regression,sklearnex,cpu,make_regression,,"{""max_features"":0.3,""n_estimators"":64,""random_state"":42}","{""generation_kwargs"":{""n_features"":500,""n_informative"":250,""n_samples"":1000},""source"":""make_regression"",""split_kwargs"":{""test_size"":0.2}}","{""n_features"":500,""n_informative"":250,""n_samples"":1000}","{""test_size"":0.2}"
sklearn,sklearnex-cpu,fit,ExtraTreesRegressor,8.950464899339217,0.951845593748762,127.52858700696379,14.248264022171497,False,2026-05-29T13:33:57+00:00,2026-05-29T13:41:51+00:00,results/69cd73/results_20260529T133357Z.json,results/62f632/results_20260529T134151Z.json,regression,sklearnex,cpu,make_regression,,"{""max_depth"":4,""max_features"":0.3,""n_estimators"":64,""random_state"":42}","{""generation_kwargs"":{""n_features"":500,""n_informative"":250,""n_samples"":1000},""source"":""make_regression"",""split_kwargs"":{""test_size"":0.2}}","{""n_features"":500,""n_informative"":250,""n_samples"":1000}","{""test_size"":0.2}"
sklearn,sklearnex-cpu,fit,ExtraTreesRegressor,14.47385025300903,1.1605840750864778,955.7426499668509,66.0323710180819,False,2026-05-29T13:33:57+00:00,2026-05-29T13:41:51+00:00,results/69cd73/results_20260529T133357Z.json,results/62f632/results_20260529T134151Z.json,regression,sklearnex,cpu,make_regression,,"{""max_features"":0.3,""max_leaf_nodes"":1000,""n_estimators"":64,""random_state"":42}","{""generation_kwargs"":{""n_features"":500,""n_informative"":250,""n_samples"":1000},""source"":""make_regression"",""split_kwargs"":{""test_size"":0.2}}","{""n_features"":500,""n_informative"":250,""n_samples"":1000}","{""test_size"":0.2}"
sklearn,sklearnex-gpu,fit,ExtraTreesRegressor,13.69685639668295,1.1366209024678664,2802.883807977196,204.63701500557363,False,2026-05-29T13:33:57+00:00,2026-05-29T13:41:51+00:00,results/69cd73/results_20260529T133357Z.json,results/62f632/results_20260529T134151Z.json,regression,sklearnex,gpu,make_regression,,"{""max_features"":0.3,""n_estimators"":64,""random_state"":42}","{""generation_kwargs"":{""n_features"":1,""n_informative"":1,""n_samples"":100000},""source"":""make_regression"",""split_kwargs"":{""test_size"":0.2}}","{""n_features"":1,""n_informative"":1,""n_samples"":100000}","{""test_size"":0.2}"
sklearn,sklearnex-gpu,fit,ExtraTreesRegressor,5.90196046753775,0.7709962961860162,155.91090300586075,26.416798937134445,False,2026-05-29T13:33:57+00:00,2026-05-29T13:41:51+00:00,results/69cd73/results_20260529T133357Z.json,results/62f632/results_20260529T134151Z.json,regression,sklearnex,gpu,make_regression,,"{""max_depth"":4,""max_features"":0.3,""n_estimators"":64,""random_state"":42}","{""generation_kwargs"":{""n_features"":1,""n_informative"":1,""n_samples"":100000},""source"":""make_regression"",""split_kwargs"":{""test_size"":0.2}}","{""n_features"":1,""n_informative"":1,""n_samples"":100000}","{""test_size"":0.2}"
sklearn,sklearnex-gpu,fit,ExtraTreesRegressor,2.715947950851027,0.43392144275324085,673.3640410238877,247.92965594679117,False,2026-05-29T13:33:57+00:00,2026-05-29T13:41:51+00:00,results/69cd73/results_20260529T133357Z.json,results/62f632/results_20260529T134151Z.json,regression,sklearnex,gpu,make_regression,,"{""max_features"":0.3,""max_leaf_nodes"":1000,""n_estimators"":64,""random_state"":42}","{""generation_kwargs"":{""n_features"":1,""n_informative"":1,""n_samples"":100000},""source"":""make_regression"",""split_kwargs"":{""test_size"":0.2}}","{""n_features"":1,""n_informative"":1,""n_samples"":100000}","{""test_size"":0.2}"
sklearn,sklearnex-gpu,fit,ExtraTreesRegressor,2.177118215473744,0.3378820114637087,60.499310959130526,27.78871194459498,False,2026-05-29T13:33:57+00:00,2026-05-29T13:41:51+00:00,results/69cd73/results_20260529T133357Z.json,results/62f632/results_20260529T134151Z.json,regression,sklearnex,gpu,make_regression,,"{""max_depth"":4,""max_features"":0.3,""n_estimators"":64,""random_state"":42}","{""generation_kwargs"":{""n_features"":20,""n_informative"":10,""n_samples"":10000},""source"":""make_regression"",""split_kwargs"":{""test_size"":0.2}}","{""n_features"":20,""n_informative"":10,""n_samples"":10000}","{""test_size"":0.2}"
sklearn,sklearnex-gpu,fit,ExtraTreesRegressor,0.5912529110466825,-0.2282267079904559,301.8962610512972,510.604270035401,False,2026-05-29T13:33:57+00:00,2026-05-29T13:41:51+00:00,results/69cd73/results_20260529T133357Z.json,results/62f632/results_20260529T134151Z.json,regression,sklearnex,gpu,make_regression,,"{""max_features"":0.3,""max_leaf_nodes"":1000,""n_estimators"":64,""random_state"":42}","{""generation_kwargs"":{""n_features"":20,""n_informative"":10,""n_samples"":10000},""source"":""make_regression"",""split_kwargs"":{""test_size"":0.2}}","{""n_features"":20,""n_informative"":10,""n_samples"":10000}","{""test_size"":0.2}"
sklearn,sklearnex-gpu,fit,ExtraTreesRegressor,0.6739728250493741,-0.17135761410122288,958.853646996431,1422.6888850098476,False,2026-05-29T13:33:57+00:00,2026-05-29T13:41:51+00:00,results/69cd73/results_20260529T133357Z.json,results/62f632/results_20260529T134151Z.json,regression,sklearnex,gpu,make_regression,,"{""max_features"":0.3,""n_estimators"":64,""random_state"":42}","{""generation_kwargs"":{""n_features"":500,""n_informative"":250,""n_samples"":1000},""source"":""make_regression"",""split_kwargs"":{""test_size"":0.2}}","{""n_features"":500,""n_informative"":250,""n_samples"":1000}","{""test_size"":0.2}"
sklearn,sklearnex-gpu,fit,ExtraTreesRegressor,0.6150709269454814,-0.2110748006393197,127.52858700696379,207.33964396640658,False,2026-05-29T13:33:57+00:00,2026-05-29T13:41:51+00:00,results/69cd73/results_20260529T133357Z.json,results/62f632/results_20260529T134151Z.json,regression,sklearnex,gpu,make_regression,,"{""max_depth"":4,""max_features"":0.3,""n_estimators"":64,""random_state"":42}","{""generation_kwargs"":{""n_features"":500,""n_informative"":250,""n_samples"":1000},""source"":""make_regression"",""split_kwargs"":{""test_size"":0.2}}","{""n_features"":500,""n_informative"":250,""n_samples"":1000}","{""test_size"":0.2}"
sklearn,sklearnex-gpu,fit,ExtraTreesRegressor,0.6690208307265737,-0.1745603597676562,955.7426499668509,1428.5693450365216,False,2026-05-29T13:33:57+00:00,2026-05-29T13:41:51+00:00,results/69cd73/results_20260529T133357Z.json,results/62f632/results_20260529T134151Z.json,regression,sklearnex,gpu,make_regression,,"{""max_features"":0.3,""max_leaf_nodes"":1000,""n_estimators"":64,""random_state"":42}","{""generation_kwargs"":{""n_features"":500,""n_informative"":250,""n_samples"":1000},""source"":""make_regression"",""split_kwargs"":{""test_size"":0.2}}","{""n_features"":500,""n_informative"":250,""n_samples"":1000}","{""test_size"":0.2}"
sklearn,sklearnex-cpu,fit,LinearRegression,10.671546299940193,1.028227352964817,99.4361670454964,9.317878051660955,False,2026-05-29T13:33:57+00:00,2026-05-29T13:41:51+00:00,results/69cd73/results_20260529T133357Z.json,results/62f632/results_20260529T134151Z.json,regression,sklearnex,cpu,make_regression,,{},"{""generation_kwargs"":{""n_features"":2,""n_informative"":2,""n_samples"":10000000},""source"":""make_regression"",""split_kwargs"":{""test_size"":0.2}}","{""n_features"":2,""n_informative"":2,""n_samples"":10000000}","{""test_size"":0.2}"
sklearn,sklearnex-cpu,fit,LinearRegression,19.864159939718213,1.298070203357695,89.44032608997077,4.502597963437438,False,2026-05-29T13:33:57+00:00,2026-05-29T13:41:51+00:00,results/69cd73/results_20260529T133357Z.json,results/62f632/results_20260529T134151Z.json,regression,sklearnex,cpu,make_regression,,{},"{""generation_kwargs"":{""n_features"":20,""n_informative"":5,""n_samples"":1000000},""source"":""make_regression"",""split_kwargs"":{""test_size"":0.2}}","{""n_features"":20,""n_informative"":5,""n_samples"":1000000}","{""test_size"":0.2}"
sklearn,sklearnex-cpu,fit,LinearRegression,9.99492863882718,0.9997796977163455,124.98817197047174,12.505159014835954,False,2026-05-29T13:33:57+00:00,2026-05-29T13:41:51+00:00,results/69cd73/results_20260529T133357Z.json,results/62f632/results_20260529T134151Z.json,regression,sklearnex,cpu,make_regression,,{},"{""generation_kwargs"":{""n_features"":200,""n_informative"":40,""n_samples"":100000},""source"":""make_regression"",""split_kwargs"":{""test_size"":0.2}}","{""n_features"":200,""n_informative"":40,""n_samples"":100000}","{""test_size"":0.2}"
sklearn,sklearnex-cpu,fit,LinearRegression,6.697211086642624,0.825893987501114,552.2729479707778,82.46312395203859,False,2026-05-29T13:33:57+00:00,2026-05-29T13:41:51+00:00,results/69cd73/results_20260529T133357Z.json,results/62f632/results_20260529T134151Z.json,regression,sklearnex,cpu,make_regression,,{},"{""generation_kwargs"":{""n_features"":2000,""n_informative"":100,""n_samples"":10000},""source"":""make_regression"",""split_kwargs"":{""test_size"":0.2}}","{""n_features"":2000,""n_informative"":100,""n_samples"":10000}","{""test_size"":0.2}"
sklearn,sklearnex-gpu,fit,LinearRegression,0.4478306862549037,-0.34888615101028786,99.4361670454964,222.03964600339532,False,2026-05-29T13:33:57+00:00,2026-05-29T13:41:51+00:00,results/69cd73/results_20260529T133357Z.json,results/62f632/results_20260529T134151Z.json,regression,sklearnex,gpu,make_regression,,{},"{""generation_kwargs"":{""n_features"":2,""n_informative"":2,""n_samples"":10000000},""source"":""make_regression"",""split_kwargs"":{""test_size"":0.2}}","{""n_features"":2,""n_informative"":2,""n_samples"":10000000}","{""test_size"":0.2}"
sklearn,sklearnex-gpu,fit,LinearRegression,2.5383277465082092,0.40454769707715554,89.44032608997077,35.23592499550432,False,2026-05-29T13:33:57+00:00,2026-05-29T13:41:51+00:00,results/69cd73/results_20260529T133357Z.json,results/62f632/results_20260529T134151Z.json,regression,sklearnex,gpu,make_regression,,{},"{""generation_kwargs"":{""n_features"":20,""n_informative"":5,""n_samples"":1000000},""source"":""make_regression"",""split_kwargs"":{""test_size"":0.2}}","{""n_features"":20,""n_informative"":5,""n_samples"":1000000}","{""test_size"":0.2}"
sklearn,sklearnex-gpu,fit,LinearRegression,3.405419407125434,0.5321706066991239,124.98817197047174,36.7027249885723,False,2026-05-29T13:33:57+00:00,2026-05-29T13:41:51+00:00,results/69cd73/results_20260529T133357Z.json,results/62f632/results_20260529T134151Z.json,regression,sklearnex,gpu,make_regression,,{},"{""generation_kwargs"":{""n_features"":200,""n_informative"":40,""n_samples"":100000},""source"":""make_regression"",""split_kwargs"":{""test_size"":0.2}}","{""n_features"":200,""n_informative"":40,""n_samples"":100000}","{""test_size"":0.2}"
sklearn,sklearnex-gpu,fit,LinearRegression,8.572036287114885,0.9330840008276076,552.2729479707778,64.42727602552623,False,2026-05-29T13:33:57+00:00,2026-05-29T13:41:51+00:00,results/69cd73/results_20260529T133357Z.json,results/62f632/results_20260529T134151Z.json,regression,sklearnex,gpu,make_regression,,{},"{""generation_kwargs"":{""n_features"":2000,""n_informative"":100,""n_samples"":10000},""source"":""make_regression"",""split_kwargs"":{""test_size"":0.2}}","{""n_features"":2000,""n_informative"":100,""n_samples"":10000}","{""test_size"":0.2}"
sklearn,sklearn-dpnp-gpu,fit,LogisticRegression,4.156467797658195,0.6187244201432117,1962.3548439703882,472.12078608572483,False,2026-05-29T13:33:57+00:00,2026-05-29T12:18:43+00:00,results/69cd73/results_20260529T133357Z.json,results/27bc44/results_20260529T121843Z.json,classification,sklearn,gpu,make_classification,dpnp,{},"{""format"":""dpnp"",""generation_kwargs"":{""n_classes"":2,""n_features"":2,""n_informative"":2,""n_redundant"":0,""n_samples"":10000000},""source"":""make_classification"",""split_kwargs"":{""test_size"":0.2}}","{""n_classes"":2,""n_features"":2,""n_informative"":2,""n_redundant"":0,""n_samples"":10000000}","{""test_size"":0.2}"
sklearn,sklearn-dpnp-gpu,fit,LogisticRegression,3.104896719586687,0.49204715850306935,272.9800109518692,87.91919203940779,False,2026-05-29T13:33:57+00:00,2026-05-29T12:18:43+00:00,results/69cd73/results_20260529T133357Z.json,results/27bc44/results_20260529T121843Z.json,classification,sklearn,gpu,make_classification,dpnp,{},"{""format"":""dpnp"",""generation_kwargs"":{""n_classes"":2,""n_features"":20,""n_informative"":5,""n_redundant"":0,""n_samples"":1000000},""source"":""make_classification"",""split_kwargs"":{""test_size"":0.2}}","{""n_classes"":2,""n_features"":20,""n_informative"":5,""n_redundant"":0,""n_samples"":1000000}","{""test_size"":0.2}"
sklearn,sklearn-dpnp-gpu,fit,LogisticRegression,1.3300157025780281,0.12385676841274917,171.68895807117224,129.0879180887714,False,2026-05-29T13:33:57+00:00,2026-05-29T12:18:43+00:00,results/69cd73/results_20260529T133357Z.json,results/27bc44/results_20260529T121843Z.json,classification,sklearn,gpu,make_classification,dpnp,{},"{""format"":""dpnp"",""generation_kwargs"":{""n_classes"":2,""n_features"":200,""n_informative"":40,""n_redundant"":0,""n_samples"":100000},""source"":""make_classification"",""split_kwargs"":{""test_size"":0.2}}","{""n_classes"":2,""n_features"":200,""n_informative"":40,""n_redundant"":0,""n_samples"":100000}","{""test_size"":0.2}"
sklearn,sklearn-dpnp-gpu,fit,LogisticRegression,0.528152936706627,-0.2772403010451328,300.7215850520879,569.3835329730064,False,2026-05-29T13:33:57+00:00,2026-05-29T12:18:43+00:00,results/69cd73/results_20260529T133357Z.json,results/27bc44/results_20260529T121843Z.json,classification,sklearn,gpu,make_classification,dpnp,{},"{""format"":""dpnp"",""generation_kwargs"":{""n_classes"":2,""n_features"":2000,""n_informative"":100,""n_redundant"":0,""n_samples"":10000},""source"":""make_classification"",""split_kwargs"":{""test_size"":0.2}}","{""n_classes"":2,""n_features"":2000,""n_informative"":100,""n_redundant"":0,""n_samples"":10000}","{""test_size"":0.2}"
sklearn,sklearn-torch-xpu,fit,LogisticRegression,7.6819577953228055,0.8854719168217678,1962.3548439703882,255.44983404688537,False,2026-05-29T13:33:57+00:00,2026-05-29T12:18:43+00:00,results/69cd73/results_20260529T133357Z.json,results/27bc44/results_20260529T121843Z.json,classification,sklearn,xpu,make_classification,torch,{},"{""format"":""torch"",""generation_kwargs"":{""n_classes"":2,""n_features"":2,""n_informative"":2,""n_redundant"":0,""n_samples"":10000000},""source"":""make_classification"",""split_kwargs"":{""test_size"":0.2}}","{""n_classes"":2,""n_features"":2,""n_informative"":2,""n_redundant"":0,""n_samples"":10000000}","{""test_size"":0.2}"
sklearn,sklearn-torch-xpu,fit,LogisticRegression,8.532558497491573,0.9310792743958225,272.9800109518692,31.992750009521842,False,2026-05-29T13:33:57+00:00,2026-05-29T12:18:43+00:00,results/69cd73/results_20260529T133357Z.json,results/27bc44/results_20260529T121843Z.json,classification,sklearn,xpu,make_classification,torch,{},"{""format"":""torch"",""generation_kwargs"":{""n_classes"":2,""n_features"":20,""n_informative"":5,""n_redundant"":0,""n_samples"":1000000},""source"":""make_classification"",""split_kwargs"":{""test_size"":0.2}}","{""n_classes"":2,""n_features"":20,""n_informative"":5,""n_redundant"":0,""n_samples"":1000000}","{""test_size"":0.2}"
sklearn,sklearn-torch-xpu,fit,LogisticRegression,4.406534872594435,0.6440972114070558,171.68895807117224,38.962350925430655,False,2026-05-29T13:33:57+00:00,2026-05-29T12:18:43+00:00,results/69cd73/results_20260529T133357Z.json,results/27bc44/results_20260529T121843Z.json,classification,sklearn,xpu,make_classification,torch,{},"{""format"":""torch"",""generation_kwargs"":{""n_classes"":2,""n_features"":200,""n_informative"":40,""n_redundant"":0,""n_samples"":100000},""source"":""make_classification"",""split_kwargs"":{""test_size"":0.2}}","{""n_classes"":2,""n_features"":200,""n_informative"":40,""n_redundant"":0,""n_samples"":100000}","{""test_size"":0.2}"
sklearn,sklearn-torch-xpu,fit,LogisticRegression,2.0156751510075144,0.3044205419140573,300.7215850520879,149.1914929356426,False,2026-05-29T13:33:57+00:00,2026-05-29T12:18:43+00:00,results/69cd73/results_20260529T133357Z.json,results/27bc44/results_20260529T121843Z.json,classification,sklearn,xpu,make_classification,torch,{},"{""format"":""torch"",""generation_kwargs"":{""n_classes"":2,""n_features"":2000,""n_informative"":100,""n_redundant"":0,""n_samples"":10000},""source"":""make_classification"",""split_kwargs"":{""test_size"":0.2}}","{""n_classes"":2,""n_features"":2000,""n_informative"":100,""n_redundant"":0,""n_samples"":10000}","{""test_size"":0.2}"
sklearn,sklearnex-cpu,fit,LogisticRegression,3.6056155460083623,0.5569794175754272,1962.3548439703882,544.2496070172638,False,2026-05-29T13:33:57+00:00,2026-05-29T13:41:51+00:00,results/69cd73/results_20260529T133357Z.json,results/62f632/results_20260529T134151Z.json,classification,sklearnex,cpu,make_classification,,{},"{""generation_kwargs"":{""n_classes"":2,""n_features"":2,""n_informative"":2,""n_redundant"":0,""n_samples"":10000000},""source"":""make_classification"",""split_kwargs"":{""test_size"":0.2}}","{""n_classes"":2,""n_features"":2,""n_informative"":2,""n_redundant"":0,""n_samples"":10000000}","{""test_size"":0.2}"
sklearn,sklearnex-cpu,fit,LogisticRegression,2.6823696209493897,0.42851862186694756,272.9800109518692,101.76823090296239,False,2026-05-29T13:33:57+00:00,2026-05-29T13:41:51+00:00,results/69cd73/results_20260529T133357Z.json,results/62f632/results_20260529T134151Z.json,classification,sklearnex,cpu,make_classification,,{},"{""generation_kwargs"":{""n_classes"":2,""n_features"":20,""n_informative"":5,""n_redundant"":0,""n_samples"":1000000},""source"":""make_classification"",""split_kwargs"":{""test_size"":0.2}}","{""n_classes"":2,""n_features"":20,""n_informative"":5,""n_redundant"":0,""n_samples"":1000000}","{""test_size"":0.2}"
sklearn,sklearnex-cpu,fit,LogisticRegression,0.5599662692442813,-0.2518381328550129,171.68895807117224,306.60589307080954,False,2026-05-29T13:33:57+00:00,2026-05-29T13:41:51+00:00,results/69cd73/results_20260529T133357Z.json,results/62f632/results_20260529T134151Z.json,classification,sklearnex,cpu,make_classification,,{},"{""generation_kwargs"":{""n_classes"":2,""n_features"":200,""n_informative"":40,""n_redundant"":0,""n_samples"":100000},""source"":""make_classification"",""split_kwargs"":{""test_size"":0.2}}","{""n_classes"":2,""n_features"":200,""n_informative"":40,""n_redundant"":0,""n_samples"":100000}","{""test_size"":0.2}"
sklearn,sklearnex-cpu,fit,LogisticRegression,0.36978932130380526,-0.4320456344580623,300.7215850520879,813.2240920094773,False,2026-05-29T13:33:57+00:00,2026-05-29T13:41:51+00:00,results/69cd73/results_20260529T133357Z.json,results/62f632/results_20260529T134151Z.json,classification,sklearnex,cpu,make_classification,,{},"{""generation_kwargs"":{""n_classes"":2,""n_features"":2000,""n_informative"":100,""n_redundant"":0,""n_samples"":10000},""source"":""make_classification"",""split_kwargs"":{""test_size"":0.2}}","{""n_classes"":2,""n_features"":2000,""n_informative"":100,""n_redundant"":0,""n_samples"":10000}","{""test_size"":0.2}"
sklearn,sklearnex-gpu,fit,LogisticRegression,0.9282068064455181,-0.032355251268322775,1962.3548439703882,2114.1353740822524,False,2026-05-29T13:33:57+00:00,2026-05-29T13:41:51+00:00,results/69cd73/results_20260529T133357Z.json,results/62f632/results_20260529T134151Z.json,classification,sklearnex,gpu,make_classification,,{},"{""generation_kwargs"":{""n_classes"":2,""n_features"":2,""n_informative"":2,""n_redundant"":0,""n_samples"":10000000},""source"":""make_classification"",""split_kwargs"":{""test_size"":0.2}}","{""n_classes"":2,""n_features"":2,""n_informative"":2,""n_redundant"":0,""n_samples"":10000000}","{""test_size"":0.2}"
sklearn,sklearnex-gpu,fit,LogisticRegression,0.9113398894174553,-0.04031962020741032,272.9800109518692,299.5369939599186,False,2026-05-29T13:33:57+00:00,2026-05-29T13:41:51+00:00,results/69cd73/results_20260529T133357Z.json,results/62f632/results_20260529T134151Z.json,classification,sklearnex,gpu,make_classification,,{},"{""generation_kwargs"":{""n_classes"":2,""n_features"":20,""n_informative"":5,""n_redundant"":0,""n_samples"":1000000},""source"":""make_classification"",""split_kwargs"":{""test_size"":0.2}}","{""n_classes"":2,""n_features"":20,""n_informative"":5,""n_redundant"":0,""n_samples"":1000000}","{""test_size"":0.2}"
sklearn,sklearnex-gpu,fit,LogisticRegression,1.0021102639378787,0.0009155103387427996,171.68895807117224,171.32741201203316,False,2026-05-29T13:33:57+00:00,2026-05-29T13:41:51+00:00,results/69cd73/results_20260529T133357Z.json,results/62f632/results_20260529T134151Z.json,classification,sklearnex,gpu,make_classification,,{},"{""generation_kwargs"":{""n_classes"":2,""n_features"":200,""n_informative"":40,""n_redundant"":0,""n_samples"":100000},""source"":""make_classification"",""split_kwargs"":{""test_size"":0.2}}","{""n_classes"":2,""n_features"":200,""n_informative"":40,""n_redundant"":0,""n_samples"":100000}","{""test_size"":0.2}"
sklearn,sklearnex-gpu,fit,LogisticRegression,0.9703176797352469,-0.013086055456846471,300.7215850520879,309.9207520717755,False,2026-05-29T13:33:57+00:00,2026-05-29T13:41:51+00:00,results/69cd73/results_20260529T133357Z.json,results/62f632/results_20260529T134151Z.json,classification,sklearnex,gpu,make_classification,,{},"{""generation_kwargs"":{""n_classes"":2,""n_features"":2000,""n_informative"":100,""n_redundant"":0,""n_samples"":10000},""source"":""make_classification"",""split_kwargs"":{""test_size"":0.2}}","{""n_classes"":2,""n_features"":2000,""n_informative"":100,""n_redundant"":0,""n_samples"":10000}","{""test_size"":0.2}"
sklearn,sklearnex-cpu,fit,RandomForestClassifier,69.2453956688903,1.8403909011722528,4313.895775936544,62.298665987327695,False,2026-05-29T13:33:57+00:00,2026-05-29T13:41:51+00:00,results/69cd73/results_20260529T133357Z.json,results/62f632/results_20260529T134151Z.json,classification,sklearnex,cpu,make_classification,,"{""max_features"":0.3,""n_estimators"":64,""random_state"":42}","{""generation_kwargs"":{""n_classes"":2,""n_clusters_per_class"":1,""n_features"":1,""n_informative"":1,""n_redundant"":0,""n_samples"":100000},""source"":""make_classification"",""split_kwargs"":{""test_size"":0.2}}","{""n_classes"":2,""n_clusters_per_class"":1,""n_features"":1,""n_informative"":1,""n_redundant"":0,""n_samples"":100000}","{""test_size"":0.2}"
sklearn,sklearnex-cpu,fit,RandomForestClassifier,31.93204595194479,1.504226745572761,1344.2957069491968,42.098639998584986,False,2026-05-29T13:33:57+00:00,2026-05-29T13:41:51+00:00,results/69cd73/results_20260529T133357Z.json,results/62f632/results_20260529T134151Z.json,classification,sklearnex,cpu,make_classification,,"{""max_depth"":4,""max_features"":0.3,""n_estimators"":64,""random_state"":42}","{""generation_kwargs"":{""n_classes"":2,""n_clusters_per_class"":1,""n_features"":1,""n_informative"":1,""n_redundant"":0,""n_samples"":100000},""source"":""make_classification"",""split_kwargs"":{""test_size"":0.2}}","{""n_classes"":2,""n_clusters_per_class"":1,""n_features"":1,""n_informative"":1,""n_redundant"":0,""n_samples"":100000}","{""test_size"":0.2}"
sklearn,sklearnex-cpu,fit,RandomForestClassifier,68.18302203664766,1.8336762463025846,4346.213148906827,63.74333403073251,False,2026-05-29T13:33:57+00:00,2026-05-29T13:41:51+00:00,results/69cd73/results_20260529T133357Z.json,results/62f632/results_20260529T134151Z.json,classification,sklearnex,cpu,make_classification,,"{""max_features"":0.3,""max_leaf_nodes"":1000,""n_estimators"":64,""random_state"":42}","{""generation_kwargs"":{""n_classes"":2,""n_clusters_per_class"":1,""n_features"":1,""n_informative"":1,""n_redundant"":0,""n_samples"":100000},""source"":""make_classification"",""split_kwargs"":{""test_size"":0.2}}","{""n_classes"":2,""n_clusters_per_class"":1,""n_features"":1,""n_informative"":1,""n_redundant"":0,""n_samples"":100000}","{""test_size"":0.2}"
sklearn,sklearnex-cpu,fit,RandomForestClassifier,47.59772665827697,1.6775862106334574,1386.822883039713,29.136326047591865,False,2026-05-29T13:33:57+00:00,2026-05-29T13:41:51+00:00,results/69cd73/results_20260529T133357Z.json,results/62f632/results_20260529T134151Z.json,classification,sklearnex,cpu,make_classification,,"{""max_features"":0.3,""n_estimators"":64,""random_state"":42}","{""generation_kwargs"":{""n_classes"":2,""n_features"":20,""n_informative"":10,""n_redundant"":0,""n_samples"":10000},""source"":""make_classification"",""split_kwargs"":{""test_size"":0.2}}","{""n_classes"":2,""n_features"":20,""n_informative"":10,""n_redundant"":0,""n_samples"":10000}","{""test_size"":0.2}"
sklearn,sklearnex-cpu,fit,RandomForestClassifier,74.7458327289937,1.873586984645259,597.4761049728841,7.99343700055033,False,2026-05-29T13:33:57+00:00,2026-05-29T13:41:51+00:00,results/69cd73/results_20260529T133357Z.json,results/62f632/results_20260529T134151Z.json,classification,sklearnex,cpu,make_classification,,"{""max_depth"":4,""max_features"":0.3,""n_estimators"":64,""random_state"":42}","{""generation_kwargs"":{""n_classes"":2,""n_features"":20,""n_informative"":10,""n_redundant"":0,""n_samples"":10000},""source"":""make_classification"",""split_kwargs"":{""test_size"":0.2}}","{""n_classes"":2,""n_features"":20,""n_informative"":10,""n_redundant"":0,""n_samples"":10000}","{""test_size"":0.2}"
sklearn,sklearnex-cpu,fit,RandomForestClassifier,50.76414851064615,1.7055571059692025,1386.383465025574,27.310286997817457,False,2026-05-29T13:33:57+00:00,2026-05-29T13:41:51+00:00,results/69cd73/results_20260529T133357Z.json,results/62f632/results_20260529T134151Z.json,classification,sklearnex,cpu,make_classification,,"{""max_features"":0.3,""max_leaf_nodes"":1000,""n_estimators"":64,""random_state"":42}","{""generation_kwargs"":{""n_classes"":2,""n_features"":20,""n_informative"":10,""n_redundant"":0,""n_samples"":10000},""source"":""make_classification"",""split_kwargs"":{""test_size"":0.2}}","{""n_classes"":2,""n_features"":20,""n_informative"":10,""n_redundant"":0,""n_samples"":10000}","{""test_size"":0.2}"
sklearn,sklearnex-cpu,fit,RandomForestClassifier,38.62873340088619,1.5869104682788078,2008.280460955575,51.98929097969085,False,2026-05-29T13:33:57+00:00,2026-05-29T13:41:51+00:00,results/69cd73/results_20260529T133357Z.json,results/62f632/results_20260529T134151Z.json,classification,sklearnex,cpu,make_classification,,"{""max_features"":0.3,""n_estimators"":64,""random_state"":42}","{""generation_kwargs"":{""n_classes"":2,""n_features"":500,""n_informative"":250,""n_redundant"":0,""n_samples"":1000},""source"":""make_classification"",""split_kwargs"":{""test_size"":0.2}}","{""n_classes"":2,""n_features"":500,""n_informative"":250,""n_redundant"":0,""n_samples"":1000}","{""test_size"":0.2}"
sklearn,sklearnex-cpu,fit,RandomForestClassifier,52.340523771476974,1.7188380643092895,1061.8927660398185,20.288157043978572,False,2026-05-29T13:33:57+00:00,2026-05-29T13:41:51+00:00,results/69cd73/results_20260529T133357Z.json,results/62f632/results_20260529T134151Z.json,classification,sklearnex,cpu,make_classification,,"{""max_depth"":4,""max_features"":0.3,""n_estimators"":64,""random_state"":42}","{""generation_kwargs"":{""n_classes"":2,""n_features"":500,""n_informative"":250,""n_redundant"":0,""n_samples"":1000},""source"":""make_classification"",""split_kwargs"":{""test_size"":0.2}}","{""n_classes"":2,""n_features"":500,""n_informative"":250,""n_redundant"":0,""n_samples"":1000}","{""test_size"":0.2}"
sklearn,sklearnex-cpu,fit,RandomForestClassifier,35.51274659762318,1.5503842624470123,2010.9949320321903,56.627411977387965,False,2026-05-29T13:33:57+00:00,2026-05-29T13:41:51+00:00,results/69cd73/results_20260529T133357Z.json,results/62f632/results_20260529T134151Z.json,classification,sklearnex,cpu,make_classification,,"{""max_features"":0.3,""max_leaf_nodes"":1000,""n_estimators"":64,""random_state"":42}","{""generation_kwargs"":{""n_classes"":2,""n_features"":500,""n_informative"":250,""n_redundant"":0,""n_samples"":1000},""source"":""make_classification"",""split_kwargs"":{""test_size"":0.2}}","{""n_classes"":2,""n_features"":500,""n_informative"":250,""n_redundant"":0,""n_samples"":1000}","{""test_size"":0.2}"
sklearn,sklearnex-gpu,fit,RandomForestClassifier,6.164534873828401,0.7899003138027586,4313.895775936544,699.7925819596276,False,2026-05-29T13:33:57+00:00,2026-05-29T13:41:51+00:00,results/69cd73/results_20260529T133357Z.json,results/62f632/results_20260529T134151Z.json,classification,sklearnex,gpu,make_classification,,"{""max_features"":0.3,""n_estimators"":64,""random_state"":42}","{""generation_kwargs"":{""n_classes"":2,""n_clusters_per_class"":1,""n_features"":1,""n_informative"":1,""n_redundant"":0,""n_samples"":100000},""source"":""make_classification"",""split_kwargs"":{""test_size"":0.2}}","{""n_classes"":2,""n_clusters_per_class"":1,""n_features"":1,""n_informative"":1,""n_redundant"":0,""n_samples"":100000}","{""test_size"":0.2}"
sklearn,sklearnex-gpu,fit,RandomForestClassifier,19.671455448828976,1.2938364936260436,1344.2957069491968,68.33737902343273,False,2026-05-29T13:33:57+00:00,2026-05-29T13:41:51+00:00,results/69cd73/results_20260529T133357Z.json,results/62f632/results_20260529T134151Z.json,classification,sklearnex,gpu,make_classification,,"{""max_depth"":4,""max_features"":0.3,""n_estimators"":64,""random_state"":42}","{""generation_kwargs"":{""n_classes"":2,""n_clusters_per_class"":1,""n_features"":1,""n_informative"":1,""n_redundant"":0,""n_samples"":100000},""source"":""make_classification"",""split_kwargs"":{""test_size"":0.2}}","{""n_classes"":2,""n_clusters_per_class"":1,""n_features"":1,""n_informative"":1,""n_redundant"":0,""n_samples"":100000}","{""test_size"":0.2}"
sklearn,sklearnex-gpu,fit,RandomForestClassifier,6.110317458453338,0.7860637743788818,4346.213148906827,711.2908909330145,False,2026-05-29T13:33:57+00:00,2026-05-29T13:41:51+00:00,results/69cd73/results_20260529T133357Z.json,results/62f632/results_20260529T134151Z.json,classification,sklearnex,gpu,make_classification,,"{""max_features"":0.3,""max_leaf_nodes"":1000,""n_estimators"":64,""random_state"":42}","{""generation_kwargs"":{""n_classes"":2,""n_clusters_per_class"":1,""n_features"":1,""n_informative"":1,""n_redundant"":0,""n_samples"":100000},""source"":""make_classification"",""split_kwargs"":{""test_size"":0.2}}","{""n_classes"":2,""n_clusters_per_class"":1,""n_features"":1,""n_informative"":1,""n_redundant"":0,""n_samples"":100000}","{""test_size"":0.2}"
sklearn,sklearnex-gpu,fit,RandomForestClassifier,5.108570652436984,0.7082994041281767,1386.822883039713,271.46984497085214,False,2026-05-29T13:33:57+00:00,2026-05-29T13:41:51+00:00,results/69cd73/results_20260529T133357Z.json,results/62f632/results_20260529T134151Z.json,classification,sklearnex,gpu,make_classification,,"{""max_features"":0.3,""n_estimators"":64,""random_state"":42}","{""generation_kwargs"":{""n_classes"":2,""n_features"":20,""n_informative"":10,""n_redundant"":0,""n_samples"":10000},""source"":""make_classification"",""split_kwargs"":{""test_size"":0.2}}","{""n_classes"":2,""n_features"":20,""n_informative"":10,""n_redundant"":0,""n_samples"":10000}","{""test_size"":0.2}"
sklearn,sklearnex-gpu,fit,RandomForestClassifier,10.60199307809515,1.0253875163452217,597.4761049728841,56.3550740480423,False,2026-05-29T13:33:57+00:00,2026-05-29T13:41:51+00:00,results/69cd73/results_20260529T133357Z.json,results/62f632/results_20260529T134151Z.json,classification,sklearnex,gpu,make_classification,,"{""max_depth"":4,""max_features"":0.3,""n_estimators"":64,""random_state"":42}","{""generation_kwargs"":{""n_classes"":2,""n_features"":20,""n_informative"":10,""n_redundant"":0,""n_samples"":10000},""source"":""make_classification"",""split_kwargs"":{""test_size"":0.2}}","{""n_classes"":2,""n_features"":20,""n_informative"":10,""n_redundant"":0,""n_samples"":10000}","{""test_size"":0.2}"
sklearn,sklearnex-gpu,fit,RandomForestClassifier,5.098218286916273,0.7074184264203554,1386.383465025574,271.93489705678076,False,2026-05-29T13:33:57+00:00,2026-05-29T13:41:51+00:00,results/69cd73/results_20260529T133357Z.json,results/62f632/results_20260529T134151Z.json,classification,sklearnex,gpu,make_classification,,"{""max_features"":0.3,""max_leaf_nodes"":1000,""n_estimators"":64,""random_state"":42}","{""generation_kwargs"":{""n_classes"":2,""n_features"":20,""n_informative"":10,""n_redundant"":0,""n_samples"":10000},""source"":""make_classification"",""split_kwargs"":{""test_size"":0.2}}","{""n_classes"":2,""n_features"":20,""n_informative"":10,""n_redundant"":0,""n_samples"":10000}","{""test_size"":0.2}"
sklearn,sklearnex-gpu,fit,RandomForestClassifier,2.587837648885937,0.412937026863498,2008.280460955575,776.0457700351253,False,2026-05-29T13:33:57+00:00,2026-05-29T13:41:51+00:00,results/69cd73/results_20260529T133357Z.json,results/62f632/results_20260529T134151Z.json,classification,sklearnex,gpu,make_classification,,"{""max_features"":0.3,""n_estimators"":64,""random_state"":42}","{""generation_kwargs"":{""n_classes"":2,""n_features"":500,""n_informative"":250,""n_redundant"":0,""n_samples"":1000},""source"":""make_classification"",""split_kwargs"":{""test_size"":0.2}}","{""n_classes"":2,""n_features"":500,""n_informative"":250,""n_redundant"":0,""n_samples"":1000}","{""test_size"":0.2}"
sklearn,sklearnex-gpu,fit,RandomForestClassifier,2.663082776776409,0.4253846658525755,1061.8927660398185,398.7456850009039,False,2026-05-29T13:33:57+00:00,2026-05-29T13:41:51+00:00,results/69cd73/results_20260529T133357Z.json,results/62f632/results_20260529T134151Z.json,classification,sklearnex,gpu,make_classification,,"{""max_depth"":4,""max_features"":0.3,""n_estimators"":64,""random_state"":42}","{""generation_kwargs"":{""n_classes"":2,""n_features"":500,""n_informative"":250,""n_redundant"":0,""n_samples"":1000},""source"":""make_classification"",""split_kwargs"":{""test_size"":0.2}}","{""n_classes"":2,""n_features"":500,""n_informative"":250,""n_redundant"":0,""n_samples"":1000}","{""test_size"":0.2}"
sklearn,sklearnex-gpu,fit,RandomForestClassifier,2.567412103206708,0.4094955842086596,2010.9949320321903,783.2770319655538,False,2026-05-29T13:33:57+00:00,2026-05-29T13:41:51+00:00,results/69cd73/results_20260529T133357Z.json,results/62f632/results_20260529T134151Z.json,classification,sklearnex,gpu,make_classification,,"{""max_features"":0.3,""max_leaf_nodes"":1000,""n_estimators"":64,""random_state"":42}","{""generation_kwargs"":{""n_classes"":2,""n_features"":500,""n_informative"":250,""n_redundant"":0,""n_samples"":1000},""source"":""make_classification"",""split_kwargs"":{""test_size"":0.2}}","{""n_classes"":2,""n_features"":500,""n_informative"":250,""n_redundant"":0,""n_samples"":1000}","{""test_size"":0.2}"
sklearn,sklearnex-cpu,fit,RandomForestRegressor,63.43008923664463,1.802295322385247,3446.799542987719,54.34013390913606,False,2026-05-29T13:33:57+00:00,2026-05-29T13:41:51+00:00,results/69cd73/results_20260529T133357Z.json,results/62f632/results_20260529T134151Z.json,regression,sklearnex,cpu,make_regression,,"{""max_features"":0.3,""n_estimators"":64,""random_state"":42}","{""generation_kwargs"":{""n_features"":1,""n_informative"":1,""n_samples"":100000},""source"":""make_regression"",""split_kwargs"":{""test_size"":0.2}}","{""n_features"":1,""n_informative"":1,""n_samples"":100000}","{""test_size"":0.2}"
sklearn,sklearnex-cpu,fit,RandomForestRegressor,26.334353992542376,1.4205226691558024,1080.836202017963,41.04282194748521,False,2026-05-29T13:33:57+00:00,2026-05-29T13:41:51+00:00,results/69cd73/results_20260529T133357Z.json,results/62f632/results_20260529T134151Z.json,regression,sklearnex,cpu,make_regression,,"{""max_depth"":4,""max_features"":0.3,""n_estimators"":64,""random_state"":42}","{""generation_kwargs"":{""n_features"":1,""n_informative"":1,""n_samples"":100000},""source"":""make_regression"",""split_kwargs"":{""test_size"":0.2}}","{""n_features"":1,""n_informative"":1,""n_samples"":100000}","{""test_size"":0.2}"
sklearn,sklearnex-cpu,fit,RandomForestRegressor,34.04702231519902,1.5320791353787226,1945.7136819837615,57.147837011143565,False,2026-05-29T13:33:57+00:00,2026-05-29T13:41:51+00:00,results/69cd73/results_20260529T133357Z.json,results/62f632/results_20260529T134151Z.json,regression,sklearnex,cpu,make_regression,,"{""max_features"":0.3,""max_leaf_nodes"":1000,""n_estimators"":64,""random_state"":42}","{""generation_kwargs"":{""n_features"":1,""n_informative"":1,""n_samples"":100000},""source"":""make_regression"",""split_kwargs"":{""test_size"":0.2}}","{""n_features"":1,""n_informative"":1,""n_samples"":100000}","{""test_size"":0.2}"
sklearn,sklearnex-cpu,fit,RandomForestRegressor,29.106893221093536,1.4639958526754735,1440.4716179706156,49.48901990428567,False,2026-05-29T13:33:57+00:00,2026-05-29T13:41:51+00:00,results/69cd73/results_20260529T133357Z.json,results/62f632/results_20260529T134151Z.json,regression,sklearnex,cpu,make_regression,,"{""max_features"":0.3,""n_estimators"":64,""random_state"":42}","{""generation_kwargs"":{""n_features"":20,""n_informative"":10,""n_samples"":10000},""source"":""make_regression"",""split_kwargs"":{""test_size"":0.2}}","{""n_features"":20,""n_informative"":10,""n_samples"":10000}","{""test_size"":0.2}"
sklearn,sklearnex-cpu,fit,RandomForestRegressor,76.0161537556284,1.8809058915106365,536.5324259037152,7.058136980049312,False,2026-05-29T13:33:57+00:00,2026-05-29T13:41:51+00:00,results/69cd73/results_20260529T133357Z.json,results/62f632/results_20260529T134151Z.json,regression,sklearnex,cpu,make_regression,,"{""max_depth"":4,""max_features"":0.3,""n_estimators"":64,""random_state"":42}","{""generation_kwargs"":{""n_features"":20,""n_informative"":10,""n_samples"":10000},""source"":""make_regression"",""split_kwargs"":{""test_size"":0.2}}","{""n_features"":20,""n_informative"":10,""n_samples"":10000}","{""test_size"":0.2}"
sklearn,sklearnex-cpu,fit,RandomForestRegressor,43.208369638961216,1.635567879591469,1244.8300629621372,28.809929033741355,False,2026-05-29T13:33:57+00:00,2026-05-29T13:41:51+00:00,results/69cd73/results_20260529T133357Z.json,results/62f632/results_20260529T134151Z.json,regression,sklearnex,cpu,make_regression,,"{""max_features"":0.3,""max_leaf_nodes"":1000,""n_estimators"":64,""random_state"":42}","{""generation_kwargs"":{""n_features"":20,""n_informative"":10,""n_samples"":10000},""source"":""make_regression"",""split_kwargs"":{""test_size"":0.2}}","{""n_features"":20,""n_informative"":10,""n_samples"":10000}","{""test_size"":0.2}"
sklearn,sklearnex-cpu,fit,RandomForestRegressor,23.231601622478905,1.3660791517643807,2231.1618590028957,96.03995003271848,False,2026-05-29T13:33:57+00:00,2026-05-29T13:41:51+00:00,results/69cd73/results_20260529T133357Z.json,results/62f632/results_20260529T134151Z.json,regression,sklearnex,cpu,make_regression,,"{""max_features"":0.3,""n_estimators"":64,""random_state"":42}","{""generation_kwargs"":{""n_features"":500,""n_informative"":250,""n_samples"":1000},""source"":""make_regression"",""split_kwargs"":{""test_size"":0.2}}","{""n_features"":500,""n_informative"":250,""n_samples"":1000}","{""test_size"":0.2}"
sklearn,sklearnex-cpu,fit,RandomForestRegressor,37.817605648241525,1.5776940288275307,963.6966619873419,25.48275189474225,False,2026-05-29T13:33:57+00:00,2026-05-29T13:41:51+00:00,results/69cd73/results_20260529T133357Z.json,results/62f632/results_20260529T134151Z.json,regression,sklearnex,cpu,make_regression,,"{""max_depth"":4,""max_features"":0.3,""n_estimators"":64,""random_state"":42}","{""generation_kwargs"":{""n_features"":500,""n_informative"":250,""n_samples"":1000},""source"":""make_regression"",""split_kwargs"":{""test_size"":0.2}}","{""n_features"":500,""n_informative"":250,""n_samples"":1000}","{""test_size"":0.2}"
sklearn,sklearnex-cpu,fit,RandomForestRegressor,25.079213865355072,1.3993139189493782,2236.4072209456936,89.17373698204756,False,2026-05-29T13:33:57+00:00,2026-05-29T13:41:51+00:00,results/69cd73/results_20260529T133357Z.json,results/62f632/results_20260529T134151Z.json,regression,sklearnex,cpu,make_regression,,"{""max_features"":0.3,""max_leaf_nodes"":1000,""n_estimators"":64,""random_state"":42}","{""generation_kwargs"":{""n_features"":500,""n_informative"":250,""n_samples"":1000},""source"":""make_regression"",""split_kwargs"":{""test_size"":0.2}}","{""n_features"":500,""n_informative"":250,""n_samples"":1000}","{""test_size"":0.2}"
sklearn,sklearnex-gpu,fit,RandomForestRegressor,12.63903432065792,1.1017138931527934,3446.799542987719,272.7106719976291,False,2026-05-29T13:33:57+00:00,2026-05-29T13:41:51+00:00,results/69cd73/results_20260529T133357Z.json,results/62f632/results_20260529T134151Z.json,regression,sklearnex,gpu,make_regression,,"{""max_features"":0.3,""n_estimators"":64,""random_state"":42}","{""generation_kwargs"":{""n_features"":1,""n_informative"":1,""n_samples"":100000},""source"":""make_regression"",""split_kwargs"":{""test_size"":0.2}}","{""n_features"":1,""n_informative"":1,""n_samples"":100000}","{""test_size"":0.2}"
sklearn,sklearnex-gpu,fit,RandomForestRegressor,6.935761443912059,0.8410941471304486,1080.836202017963,155.83526203408837,False,2026-05-29T13:33:57+00:00,2026-05-29T13:41:51+00:00,results/69cd73/results_20260529T133357Z.json,results/62f632/results_20260529T134151Z.json,regression,sklearnex,gpu,make_regression,,"{""max_depth"":4,""max_features"":0.3,""n_estimators"":64,""random_state"":42}","{""generation_kwargs"":{""n_features"":1,""n_informative"":1,""n_samples"":100000},""source"":""make_regression"",""split_kwargs"":{""test_size"":0.2}}","{""n_features"":1,""n_informative"":1,""n_samples"":100000}","{""test_size"":0.2}"
sklearn,sklearnex-gpu,fit,RandomForestRegressor,7.0334405401850955,0.8471678203395423,1945.7136819837615,276.63753903470933,False,2026-05-29T13:33:57+00:00,2026-05-29T13:41:51+00:00,results/69cd73/results_20260529T133357Z.json,results/62f632/results_20260529T134151Z.json,regression,sklearnex,gpu,make_regression,,"{""max_features"":0.3,""max_leaf_nodes"":1000,""n_estimators"":64,""random_state"":42}","{""generation_kwargs"":{""n_features"":1,""n_informative"":1,""n_samples"":100000},""source"":""make_regression"",""split_kwargs"":{""test_size"":0.2}}","{""n_features"":1,""n_informative"":1,""n_samples"":100000}","{""test_size"":0.2}"
sklearn,sklearnex-gpu,fit,RandomForestRegressor,1.3399777413692913,0.12709758427467358,1440.4716179706156,1074.996676063165,False,2026-05-29T13:33:57+00:00,2026-05-29T13:41:51+00:00,results/69cd73/results_20260529T133357Z.json,results/62f632/results_20260529T134151Z.json,regression,sklearnex,gpu,make_regression,,"{""max_features"":0.3,""n_estimators"":64,""random_state"":42}","{""generation_kwargs"":{""n_features"":20,""n_informative"":10,""n_samples"":10000},""source"":""make_regression"",""split_kwargs"":{""test_size"":0.2}}","{""n_features"":20,""n_informative"":10,""n_samples"":10000}","{""test_size"":0.2}"
sklearn,sklearnex-gpu,fit,RandomForestRegressor,5.5480539674522555,0.7441406769240886,536.5324259037152,96.70641797129065,False,2026-05-29T13:33:57+00:00,2026-05-29T13:41:51+00:00,results/69cd73/results_20260529T133357Z.json,results/62f632/results_20260529T134151Z.json,regression,sklearnex,gpu,make_regression,,"{""max_depth"":4,""max_features"":0.3,""n_estimators"":64,""random_state"":42}","{""generation_kwargs"":{""n_features"":20,""n_informative"":10,""n_samples"":10000},""source"":""make_regression"",""split_kwargs"":{""test_size"":0.2}}","{""n_features"":20,""n_informative"":10,""n_samples"":10000}","{""test_size"":0.2}"
sklearn,sklearnex-gpu,fit,RandomForestRegressor,1.1722527489451742,0.06902125983726393,1244.8300629621372,1061.9126840028912,False,2026-05-29T13:33:57+00:00,2026-05-29T13:41:51+00:00,results/69cd73/results_20260529T133357Z.json,results/62f632/results_20260529T134151Z.json,regression,sklearnex,gpu,make_regression,,"{""max_features"":0.3,""max_leaf_nodes"":1000,""n_estimators"":64,""random_state"":42}","{""generation_kwargs"":{""n_features"":20,""n_informative"":10,""n_samples"":10000},""source"":""make_regression"",""split_kwargs"":{""test_size"":0.2}}","{""n_features"":20,""n_informative"":10,""n_samples"":10000}","{""test_size"":0.2}"
sklearn,sklearnex-gpu,fit,RandomForestRegressor,0.9773092675037651,-0.00996798293781631,2231.1618590028957,2282.9639840638265,False,2026-05-29T13:33:57+00:00,2026-05-29T13:41:51+00:00,results/69cd73/results_20260529T133357Z.json,results/62f632/results_20260529T134151Z.json,regression,sklearnex,gpu,make_regression,,"{""max_features"":0.3,""n_estimators"":64,""random_state"":42}","{""generation_kwargs"":{""n_features"":500,""n_informative"":250,""n_samples"":1000},""source"":""make_regression"",""split_kwargs"":{""test_size"":0.2}}","{""n_features"":500,""n_informative"":250,""n_samples"":1000}","{""test_size"":0.2}"
sklearn,sklearnex-gpu,fit,RandomForestRegressor,2.1048614548251474,0.3232235151906372,963.6966619873419,457.84327504225075,False,2026-05-29T13:33:57+00:00,2026-05-29T13:41:51+00:00,results/69cd73/results_20260529T133357Z.json,results/62f632/results_20260529T134151Z.json,regression,sklearnex,gpu,make_regression,,"{""max_depth"":4,""max_features"":0.3,""n_estimators"":64,""random_state"":42}","{""generation_kwargs"":{""n_features"":500,""n_informative"":250,""n_samples"":1000},""source"":""make_regression"",""split_kwargs"":{""test_size"":0.2}}","{""n_features"":500,""n_informative"":250,""n_samples"":1000}","{""test_size"":0.2}"
sklearn,sklearnex-gpu,fit,RandomForestRegressor,0.9896651654891329,-0.0045117158844265705,2236.4072209456936,2259.7614818951115,False,2026-05-29T13:33:57+00:00,2026-05-29T13:41:51+00:00,results/69cd73/results_20260529T133357Z.json,results/62f632/results_20260529T134151Z.json,regression,sklearnex,gpu,make_regression,,"{""max_features"":0.3,""max_leaf_nodes"":1000,""n_estimators"":64,""random_state"":42}","{""generation_kwargs"":{""n_features"":500,""n_informative"":250,""n_samples"":1000},""source"":""make_regression"",""split_kwargs"":{""test_size"":0.2}}","{""n_features"":500,""n_informative"":250,""n_samples"":1000}","{""test_size"":0.2}"
sklearn,sklearn-dpnp-gpu,fit,Ridge,4.649928407657247,0.6674462663525867,203.30739708151668,43.72269404120743,False,2026-05-29T13:33:57+00:00,2026-05-29T12:18:43+00:00,results/69cd73/results_20260529T133357Z.json,results/27bc44/results_20260529T121843Z.json,regression,sklearn,gpu,make_regression,dpnp,"{""solver"":""svd""}","{""format"":""dpnp"",""generation_kwargs"":{""n_features"":2,""n_informative"":2,""n_samples"":10000000},""source"":""make_regression"",""split_kwargs"":{""test_size"":0.2}}","{""n_features"":2,""n_informative"":2,""n_samples"":10000000}","{""test_size"":0.2}"
sklearn,sklearn-dpnp-gpu,fit,Ridge,0.6166928522654476,-0.20993108520376463,328.54215998668224,532.7484480803832,False,2026-05-29T13:33:57+00:00,2026-05-29T12:18:43+00:00,results/69cd73/results_20260529T133357Z.json,results/27bc44/results_20260529T121843Z.json,regression,sklearn,gpu,make_regression,dpnp,"{""solver"":""svd""}","{""format"":""dpnp"",""generation_kwargs"":{""n_features"":20,""n_informative"":5,""n_samples"":1000000},""source"":""make_regression"",""split_kwargs"":{""test_size"":0.2}}","{""n_features"":20,""n_informative"":5,""n_samples"":1000000}","{""test_size"":0.2}"
sklearn,sklearn-dpnp-gpu,fit,Ridge,1.6856902657068207,0.22677777891753473,420.3691059956327,249.3750569410622,False,2026-05-29T13:33:57+00:00,2026-05-29T12:18:43+00:00,results/69cd73/results_20260529T133357Z.json,results/27bc44/results_20260529T121843Z.json,regression,sklearn,gpu,make_regression,dpnp,"{""solver"":""svd""}","{""format"":""dpnp"",""generation_kwargs"":{""n_features"":200,""n_informative"":40,""n_samples"":100000},""source"":""make_regression"",""split_kwargs"":{""test_size"":0.2}}","{""n_features"":200,""n_informative"":40,""n_samples"":100000}","{""test_size"":0.2}"
sklearn,sklearn-dpnp-gpu,fit,Ridge,0.5760684429319618,-0.2395259148027898,1862.7477179979905,3233.5527850082144,False,2026-05-29T13:33:57+00:00,2026-05-29T12:18:43+00:00,results/69cd73/results_20260529T133357Z.json,results/27bc44/results_20260529T121843Z.json,regression,sklearn,gpu,make_regression,dpnp,"{""solver"":""svd""}","{""format"":""dpnp"",""generation_kwargs"":{""n_features"":2000,""n_informative"":100,""n_samples"":10000},""source"":""make_regression"",""split_kwargs"":{""test_size"":0.2}}","{""n_features"":2000,""n_informative"":100,""n_samples"":10000}","{""test_size"":0.2}"
sklearn,sklearn-torch-xpu,fit,Ridge,0.5658074085503131,-0.24733137029109012,203.30739708151668,359.32261403650045,False,2026-05-29T13:33:57+00:00,2026-05-29T12:18:43+00:00,results/69cd73/results_20260529T133357Z.json,results/27bc44/results_20260529T121843Z.json,regression,sklearn,xpu,make_regression,torch,"{""solver"":""svd""}","{""format"":""torch"",""generation_kwargs"":{""n_features"":2,""n_informative"":2,""n_samples"":10000000},""source"":""make_regression"",""split_kwargs"":{""test_size"":0.2}}","{""n_features"":2,""n_informative"":2,""n_samples"":10000000}","{""test_size"":0.2}"
sklearn,sklearn-torch-xpu,fit,Ridge,1.7841584345946764,0.2514334174252229,328.54215998668224,184.14404999930412,False,2026-05-29T13:33:57+00:00,2026-05-29T12:18:43+00:00,results/69cd73/results_20260529T133357Z.json,results/27bc44/results_20260529T121843Z.json,regression,sklearn,xpu,make_regression,torch,"{""solver"":""svd""}","{""format"":""torch"",""generation_kwargs"":{""n_features"":20,""n_informative"":5,""n_samples"":1000000},""source"":""make_regression"",""split_kwargs"":{""test_size"":0.2}}","{""n_features"":20,""n_informative"":5,""n_samples"":1000000}","{""test_size"":0.2}"
sklearn,sklearn-torch-xpu,fit,Ridge,3.240456988557014,0.5106062613218603,420.3691059956327,129.72525402437896,False,2026-05-29T13:33:57+00:00,2026-05-29T12:18:43+00:00,results/69cd73/results_20260529T133357Z.json,results/27bc44/results_20260529T121843Z.json,regression,sklearn,xpu,make_regression,torch,"{""solver"":""svd""}","{""format"":""torch"",""generation_kwargs"":{""n_features"":200,""n_informative"":40,""n_samples"":100000},""source"":""make_regression"",""split_kwargs"":{""test_size"":0.2}}","{""n_features"":200,""n_informative"":40,""n_samples"":100000}","{""test_size"":0.2}"
sklearn,sklearn-torch-xpu,fit,Ridge,1.7023973193408461,0.23106092675898904,1862.7477179979905,1094.1909370012581,False,2026-05-29T13:33:57+00:00,2026-05-29T12:18:43+00:00,results/69cd73/results_20260529T133357Z.json,results/27bc44/results_20260529T121843Z.json,regression,sklearn,xpu,make_regression,torch,"{""solver"":""svd""}","{""format"":""torch"",""generation_kwargs"":{""n_features"":2000,""n_informative"":100,""n_samples"":10000},""source"":""make_regression"",""split_kwargs"":{""test_size"":0.2}}","{""n_features"":2000,""n_informative"":100,""n_samples"":10000}","{""test_size"":0.2}"
sklearn,sklearnex-cpu,fit,Ridge,3.4015264118960293,0.5316738474842003,34.13641999941319,10.03561809193343,False,2026-05-29T13:33:57+00:00,2026-05-29T13:41:51+00:00,results/69cd73/results_20260529T133357Z.json,results/62f632/results_20260529T134151Z.json,regression,sklearnex,cpu,make_regression,,{},"{""generation_kwargs"":{""n_features"":2,""n_informative"":2,""n_samples"":10000000},""source"":""make_regression"",""split_kwargs"":{""test_size"":0.2}}","{""n_features"":2,""n_informative"":2,""n_samples"":10000000}","{""test_size"":0.2}"
sklearn,sklearnex-cpu,fit,Ridge,5.094827825095864,0.7071295120177655,25.534421089105308,5.011831992305815,False,2026-05-29T13:33:57+00:00,2026-05-29T13:41:51+00:00,results/69cd73/results_20260529T133357Z.json,results/62f632/results_20260529T134151Z.json,regression,sklearnex,cpu,make_regression,,{},"{""generation_kwargs"":{""n_features"":20,""n_informative"":5,""n_samples"":1000000},""source"":""make_regression"",""split_kwargs"":{""test_size"":0.2}}","{""n_features"":20,""n_informative"":5,""n_samples"":1000000}","{""test_size"":0.2}"
sklearn,sklearnex-cpu,fit,Ridge,2.753955429082873,0.4399569072135701,25.28060309123248,9.179743006825447,False,2026-05-29T13:33:57+00:00,2026-05-29T13:41:51+00:00,results/69cd73/results_20260529T133357Z.json,results/62f632/results_20260529T134151Z.json,regression,sklearnex,cpu,make_regression,,{},"{""generation_kwargs"":{""n_features"":200,""n_informative"":40,""n_samples"":100000},""source"":""make_regression"",""split_kwargs"":{""test_size"":0.2}}","{""n_features"":200,""n_informative"":40,""n_samples"":100000}","{""test_size"":0.2}"
sklearn,sklearnex-cpu,fit,Ridge,0.8543830671018161,-0.06834736745165645,75.31440304592252,88.15062697976828,False,2026-05-29T13:33:57+00:00,2026-05-29T13:41:51+00:00,results/69cd73/results_20260529T133357Z.json,results/62f632/results_20260529T134151Z.json,regression,sklearnex,cpu,make_regression,,{},"{""generation_kwargs"":{""n_features"":2000,""n_informative"":100,""n_samples"":10000},""source"":""make_regression"",""split_kwargs"":{""test_size"":0.2}}","{""n_features"":2000,""n_informative"":100,""n_samples"":10000}","{""test_size"":0.2}"
sklearn,sklearnex-cpu,fit,Ridge,0.9856269220305589,-0.006287442426373192,203.30739708151668,206.2721629627049,False,2026-05-29T13:33:57+00:00,2026-05-29T13:41:51+00:00,results/69cd73/results_20260529T133357Z.json,results/62f632/results_20260529T134151Z.json,regression,sklearnex,cpu,make_regression,,"{""solver"":""svd""}","{""generation_kwargs"":{""n_features"":2,""n_informative"":2,""n_samples"":10000000},""source"":""make_regression"",""split_kwargs"":{""test_size"":0.2}}","{""n_features"":2,""n_informative"":2,""n_samples"":10000000}","{""test_size"":0.2}"
sklearn,sklearnex-cpu,fit,Ridge,0.9884728022780661,-0.0050352757514775534,328.54215998668224,332.3734949808568,False,2026-05-29T13:33:57+00:00,2026-05-29T13:41:51+00:00,results/69cd73/results_20260529T133357Z.json,results/62f632/results_20260529T134151Z.json,regression,sklearnex,cpu,make_regression,,"{""solver"":""svd""}","{""generation_kwargs"":{""n_features"":20,""n_informative"":5,""n_samples"":1000000},""source"":""make_regression"",""split_kwargs"":{""test_size"":0.2}}","{""n_features"":20,""n_informative"":5,""n_samples"":1000000}","{""test_size"":0.2}"
sklearn,sklearnex-cpu,fit,Ridge,0.7464292963308564,-0.1270113234615258,420.3691059956327,563.1733749760315,False,2026-05-29T13:33:57+00:00,2026-05-29T13:41:51+00:00,results/69cd73/results_20260529T133357Z.json,results/62f632/results_20260529T134151Z.json,regression,sklearnex,cpu,make_regression,,"{""solver"":""svd""}","{""generation_kwargs"":{""n_features"":200,""n_informative"":40,""n_samples"":100000},""source"":""make_regression"",""split_kwargs"":{""test_size"":0.2}}","{""n_features"":200,""n_informative"":40,""n_samples"":100000}","{""test_size"":0.2}"
sklearn,sklearnex-cpu,fit,Ridge,0.6593666221015836,-0.18087304112369926,1862.7477179979905,2825.0561304739676,False,2026-05-29T13:33:57+00:00,2026-05-29T13:41:51+00:00,results/69cd73/results_20260529T133357Z.json,results/62f632/results_20260529T134151Z.json,regression,sklearnex,cpu,make_regression,,"{""solver"":""svd""}","{""generation_kwargs"":{""n_features"":2000,""n_informative"":100,""n_samples"":10000},""source"":""make_regression"",""split_kwargs"":{""test_size"":0.2}}","{""n_features"":2000,""n_informative"":100,""n_samples"":10000}","{""test_size"":0.2}"
sklearn,sklearnex-gpu,fit,Ridge,0.1542860888013468,-0.8116732303151531,34.13641999941319,221.25403699465096,False,2026-05-29T13:33:57+00:00,2026-05-29T13:41:51+00:00,results/69cd73/results_20260529T133357Z.json,results/62f632/results_20260529T134151Z.json,regression,sklearnex,gpu,make_regression,,{},"{""generation_kwargs"":{""n_features"":2,""n_informative"":2,""n_samples"":10000000},""source"":""make_regression"",""split_kwargs"":{""test_size"":0.2}}","{""n_features"":2,""n_informative"":2,""n_samples"":10000000}","{""test_size"":0.2}"
sklearn,sklearnex-gpu,fit,Ridge,0.7345955144023019,-0.13395172787784182,25.534421089105308,34.75983801763505,False,2026-05-29T13:33:57+00:00,2026-05-29T13:41:51+00:00,results/69cd73/results_20260529T133357Z.json,results/62f632/results_20260529T134151Z.json,regression,sklearnex,gpu,make_regression,,{},"{""generation_kwargs"":{""n_features"":20,""n_informative"":5,""n_samples"":1000000},""source"":""make_regression"",""split_kwargs"":{""test_size"":0.2}}","{""n_features"":20,""n_informative"":5,""n_samples"":1000000}","{""test_size"":0.2}"
sklearn,sklearnex-gpu,fit,Ridge,0.6674480233100182,-0.17558254879268081,25.28060309123248,37.876512040384114,False,2026-05-29T13:33:57+00:00,2026-05-29T13:41:51+00:00,results/69cd73/results_20260529T133357Z.json,results/62f632/results_20260529T134151Z.json,regression,sklearnex,gpu,make_regression,,{},"{""generation_kwargs"":{""n_features"":200,""n_informative"":40,""n_samples"":100000},""source"":""make_regression"",""split_kwargs"":{""test_size"":0.2}}","{""n_features"":200,""n_informative"":40,""n_samples"":100000}","{""test_size"":0.2}"
sklearn,sklearnex-gpu,fit,Ridge,1.1715651858741036,0.0687664577454667,75.31440304592252,64.28528600372374,False,2026-05-29T13:33:57+00:00,2026-05-29T13:41:51+00:00,results/69cd73/results_20260529T133357Z.json,results/62f632/results_20260529T134151Z.json,regression,sklearnex,gpu,make_regression,,{},"{""generation_kwargs"":{""n_features"":2000,""n_informative"":100,""n_samples"":10000},""source"":""make_regression"",""split_kwargs"":{""test_size"":0.2}}","{""n_features"":2000,""n_informative"":100,""n_samples"":10000}","{""test_size"":0.2}"
sklearn,sklearnex-gpu,fit,Ridge,0.9774566933067749,-0.009902475133667587,203.30739708151668,207.99632195848972,False,2026-05-29T13:33:57+00:00,2026-05-29T13:41:51+00:00,results/69cd73/results_20260529T133357Z.json,results/62f632/results_20260529T134151Z.json,regression,sklearnex,gpu,make_regression,,"{""solver"":""svd""}","{""generation_kwargs"":{""n_features"":2,""n_informative"":2,""n_samples"":10000000},""source"":""make_regression"",""split_kwargs"":{""test_size"":0.2}}","{""n_features"":2,""n_informative"":2,""n_samples"":10000000}","{""test_size"":0.2}"
sklearn,sklearnex-gpu,fit,Ridge,0.9882517062781124,-0.005132427147876557,328.54215998668224,332.4478550348431,False,2026-05-29T13:33:57+00:00,2026-05-29T13:41:51+00:00,results/69cd73/results_20260529T133357Z.json,results/62f632/results_20260529T134151Z.json,regression,sklearnex,gpu,make_regression,,"{""solver"":""svd""}","{""generation_kwargs"":{""n_features"":20,""n_informative"":5,""n_samples"":1000000},""source"":""make_regression"",""split_kwargs"":{""test_size"":0.2}}","{""n_features"":20,""n_informative"":5,""n_samples"":1000000}","{""test_size"":0.2}"
sklearn,sklearnex-gpu,fit,Ridge,0.7419923110393601,-0.12960059511245425,420.3691059956327,566.5410540532321,False,2026-05-29T13:33:57+00:00,2026-05-29T13:41:51+00:00,results/69cd73/results_20260529T133357Z.json,results/62f632/results_20260529T134151Z.json,regression,sklearnex,gpu,make_regression,,"{""solver"":""svd""}","{""generation_kwargs"":{""n_features"":200,""n_informative"":40,""n_samples"":100000},""source"":""make_regression"",""split_kwargs"":{""test_size"":0.2}}","{""n_features"":200,""n_informative"":40,""n_samples"":100000}","{""test_size"":0.2}"
sklearn,sklearnex-gpu,fit,Ridge,0.6500020922638658,-0.18708524542300717,1862.7477179979905,2865.7564955065027,False,2026-05-29T13:33:57+00:00,2026-05-29T13:41:51+00:00,results/69cd73/results_20260529T133357Z.json,results/62f632/results_20260529T134151Z.json,regression,sklearnex,gpu,make_regression,,"{""solver"":""svd""}","{""generation_kwargs"":{""n_features"":2000,""n_informative"":100,""n_samples"":10000},""source"":""make_regression"",""split_kwargs"":{""test_size"":0.2}}","{""n_features"":2000,""n_informative"":100,""n_samples"":10000}","{""test_size"":0.2}"
sklearn,sklearn-dpnp-gpu,fit,RidgeClassifier,3.862360392302803,0.5868527948411026,835.5399509891868,216.32884198334068,False,2026-05-29T13:33:57+00:00,2026-05-29T12:18:43+00:00,results/69cd73/results_20260529T133357Z.json,results/27bc44/results_20260529T121843Z.json,classification,sklearn,gpu,make_classification,dpnp,"{""solver"":""svd""}","{""format"":""dpnp"",""generation_kwargs"":{""n_classes"":2,""n_features"":2,""n_informative"":2,""n_redundant"":0,""n_samples"":10000000},""source"":""make_classification"",""split_kwargs"":{""test_size"":0.2}}","{""n_classes"":2,""n_features"":2,""n_informative"":2,""n_redundant"":0,""n_samples"":10000000}","{""test_size"":0.2}"
sklearn,sklearn-dpnp-gpu,fit,RidgeClassifier,0.7137916736510719,-0.14642852237711454,403.6719650030136,565.5319050420076,False,2026-05-29T13:33:57+00:00,2026-05-29T12:18:43+00:00,results/69cd73/results_20260529T133357Z.json,results/27bc44/results_20260529T121843Z.json,classification,sklearn,gpu,make_classification,dpnp,"{""solver"":""svd""}","{""format"":""dpnp"",""generation_kwargs"":{""n_classes"":2,""n_features"":20,""n_informative"":5,""n_redundant"":0,""n_samples"":1000000},""source"":""make_classification"",""split_kwargs"":{""test_size"":0.2}}","{""n_classes"":2,""n_features"":20,""n_informative"":5,""n_redundant"":0,""n_samples"":1000000}","{""test_size"":0.2}"
sklearn,sklearn-dpnp-gpu,fit,RidgeClassifier,1.7688246678293633,0.2476847862347636,444.60875797085464,251.35829800274223,False,2026-05-29T13:33:57+00:00,2026-05-29T12:18:43+00:00,results/69cd73/results_20260529T133357Z.json,results/27bc44/results_20260529T121843Z.json,classification,sklearn,gpu,make_classification,dpnp,"{""solver"":""svd""}","{""format"":""dpnp"",""generation_kwargs"":{""n_classes"":2,""n_features"":200,""n_informative"":40,""n_redundant"":0,""n_samples"":100000},""source"":""make_classification"",""split_kwargs"":{""test_size"":0.2}}","{""n_classes"":2,""n_features"":200,""n_informative"":40,""n_redundant"":0,""n_samples"":100000}","{""test_size"":0.2}"
sklearn,sklearn-dpnp-gpu,fit,RidgeClassifier,0.889181060003145,-0.051009796562031216,2802.9424065025523,3152.274078456685,False,2026-05-29T13:33:57+00:00,2026-05-29T12:18:43+00:00,results/69cd73/results_20260529T133357Z.json,results/27bc44/results_20260529T121843Z.json,classification,sklearn,gpu,make_classification,dpnp,"{""solver"":""svd""}","{""format"":""dpnp"",""generation_kwargs"":{""n_classes"":2,""n_features"":2000,""n_informative"":100,""n_redundant"":0,""n_samples"":10000},""source"":""make_classification"",""split_kwargs"":{""test_size"":0.2}}","{""n_classes"":2,""n_features"":2000,""n_informative"":100,""n_redundant"":0,""n_samples"":10000}","{""test_size"":0.2}"
sklearn,sklearn-torch-xpu,fit,RidgeClassifier,1.3666025978376721,0.13564224195778907,835.5399509891868,611.3993580220267,False,2026-05-29T13:33:57+00:00,2026-05-29T12:18:43+00:00,results/69cd73/results_20260529T133357Z.json,results/27bc44/results_20260529T121843Z.json,classification,sklearn,xpu,make_classification,torch,"{""solver"":""svd""}","{""format"":""torch"",""generation_kwargs"":{""n_classes"":2,""n_features"":2,""n_informative"":2,""n_redundant"":0,""n_samples"":10000000},""source"":""make_classification"",""split_kwargs"":{""test_size"":0.2}}","{""n_classes"":2,""n_features"":2,""n_informative"":2,""n_redundant"":0,""n_samples"":10000000}","{""test_size"":0.2}"
sklearn,sklearn-torch-xpu,fit,RidgeClassifier,1.8556543110456327,0.2684970749063528,403.6719650030136,217.53618796356022,False,2026-05-29T13:33:57+00:00,2026-05-29T12:18:43+00:00,results/69cd73/results_20260529T133357Z.json,results/27bc44/results_20260529T121843Z.json,classification,sklearn,xpu,make_classification,torch,"{""solver"":""svd""}","{""format"":""torch"",""generation_kwargs"":{""n_classes"":2,""n_features"":20,""n_informative"":5,""n_redundant"":0,""n_samples"":1000000},""source"":""make_classification"",""split_kwargs"":{""test_size"":0.2}}","{""n_classes"":2,""n_features"":20,""n_informative"":5,""n_redundant"":0,""n_samples"":1000000}","{""test_size"":0.2}"
sklearn,sklearn-torch-xpu,fit,RidgeClassifier,3.2633282088525872,0.5136607551012105,444.60875797085464,136.2439600052312,False,2026-05-29T13:33:57+00:00,2026-05-29T12:18:43+00:00,results/69cd73/results_20260529T133357Z.json,results/27bc44/results_20260529T121843Z.json,classification,sklearn,xpu,make_classification,torch,"{""solver"":""svd""}","{""format"":""torch"",""generation_kwargs"":{""n_classes"":2,""n_features"":200,""n_informative"":40,""n_redundant"":0,""n_samples"":100000},""source"":""make_classification"",""split_kwargs"":{""test_size"":0.2}}","{""n_classes"":2,""n_features"":200,""n_informative"":40,""n_redundant"":0,""n_samples"":100000}","{""test_size"":0.2}"
sklearn,sklearn-torch-xpu,fit,RidgeClassifier,2.507047245411803,0.3991625183332882,2802.9424065025523,1118.025362957269,False,2026-05-29T13:33:57+00:00,2026-05-29T12:18:43+00:00,results/69cd73/results_20260529T133357Z.json,results/27bc44/results_20260529T121843Z.json,classification,sklearn,xpu,make_classification,torch,"{""solver"":""svd""}","{""format"":""torch"",""generation_kwargs"":{""n_classes"":2,""n_features"":2000,""n_informative"":100,""n_redundant"":0,""n_samples"":10000},""source"":""make_classification"",""split_kwargs"":{""test_size"":0.2}}","{""n_classes"":2,""n_features"":2000,""n_informative"":100,""n_redundant"":0,""n_samples"":10000}","{""test_size"":0.2}"
sklearn,sklearnex-cpu,predict,ExtraTreesClassifier,27.72094471131019,1.442808026658306,117.8560130065307,4.251515027135611,False,2026-05-29T13:33:57+00:00,2026-05-29T13:41:51+00:00,results/69cd73/results_20260529T133357Z.json,results/62f632/results_20260529T134151Z.json,classification,sklearnex,cpu,make_classification,,"{""max_features"":0.3,""n_estimators"":64,""random_state"":42}","{""generation_kwargs"":{""n_classes"":2,""n_clusters_per_class"":1,""n_features"":1,""n_informative"":1,""n_redundant"":0,""n_samples"":100000},""source"":""make_classification"",""split_kwargs"":{""test_size"":0.2}}","{""n_classes"":2,""n_clusters_per_class"":1,""n_features"":1,""n_informative"":1,""n_redundant"":0,""n_samples"":100000}","{""test_size"":0.2}"
sklearn,sklearnex-cpu,predict,ExtraTreesClassifier,7.614752583592896,0.8816557969266954,19.595309044234455,2.5733349611982703,False,2026-05-29T13:33:57+00:00,2026-05-29T13:41:51+00:00,results/69cd73/results_20260529T133357Z.json,results/62f632/results_20260529T134151Z.json,classification,sklearnex,cpu,make_classification,,"{""max_depth"":4,""max_features"":0.3,""n_estimators"":64,""random_state"":42}","{""generation_kwargs"":{""n_classes"":2,""n_clusters_per_class"":1,""n_features"":1,""n_informative"":1,""n_redundant"":0,""n_samples"":100000},""source"":""make_classification"",""split_kwargs"":{""test_size"":0.2}}","{""n_classes"":2,""n_clusters_per_class"":1,""n_features"":1,""n_informative"":1,""n_redundant"":0,""n_samples"":100000}","{""test_size"":0.2}"
sklearn,sklearnex-cpu,predict,ExtraTreesClassifier,7.892902706046633,0.8972367493925315,34.28250690922141,4.3434599647298455,False,2026-05-29T13:33:57+00:00,2026-05-29T13:41:51+00:00,results/69cd73/results_20260529T133357Z.json,results/62f632/results_20260529T134151Z.json,classification,sklearnex,cpu,make_classification,,"{""max_features"":0.3,""max_leaf_nodes"":1000,""n_estimators"":64,""random_state"":42}","{""generation_kwargs"":{""n_classes"":2,""n_clusters_per_class"":1,""n_features"":1,""n_informative"":1,""n_redundant"":0,""n_samples"":100000},""source"":""make_classification"",""split_kwargs"":{""test_size"":0.2}}","{""n_classes"":2,""n_clusters_per_class"":1,""n_features"":1,""n_informative"":1,""n_redundant"":0,""n_samples"":100000}","{""test_size"":0.2}"
sklearn,sklearnex-cpu,predict,ExtraTreesClassifier,6.011951658841424,0.7790154798352258,13.790179044008255,2.293794066645205,False,2026-05-29T13:33:57+00:00,2026-05-29T13:41:51+00:00,results/69cd73/results_20260529T133357Z.json,results/62f632/results_20260529T134151Z.json,classification,sklearnex,cpu,make_classification,,"{""max_features"":0.3,""n_estimators"":64,""random_state"":42}","{""generation_kwargs"":{""n_classes"":2,""n_features"":20,""n_informative"":10,""n_redundant"":0,""n_samples"":10000},""source"":""make_classification"",""split_kwargs"":{""test_size"":0.2}}","{""n_classes"":2,""n_features"":20,""n_informative"":10,""n_redundant"":0,""n_samples"":10000}","{""test_size"":0.2}"
sklearn,sklearnex-cpu,predict,ExtraTreesClassifier,2.9471278934867677,0.4693989828911116,3.789520007558167,1.2858349364250898,False,2026-05-29T13:33:57+00:00,2026-05-29T13:41:51+00:00,results/69cd73/results_20260529T133357Z.json,results/62f632/results_20260529T134151Z.json,classification,sklearnex,cpu,make_classification,,"{""max_depth"":4,""max_features"":0.3,""n_estimators"":64,""random_state"":42}","{""generation_kwargs"":{""n_classes"":2,""n_features"":20,""n_informative"":10,""n_redundant"":0,""n_samples"":10000},""source"":""make_classification"",""split_kwargs"":{""test_size"":0.2}}","{""n_classes"":2,""n_features"":20,""n_informative"":10,""n_redundant"":0,""n_samples"":10000}","{""test_size"":0.2}"
sklearn,sklearnex-cpu,predict,ExtraTreesClassifier,5.579185038888285,0.7465707654317844,10.736973956227303,1.9244699506089091,False,2026-05-29T13:33:57+00:00,2026-05-29T13:41:51+00:00,results/69cd73/results_20260529T133357Z.json,results/62f632/results_20260529T134151Z.json,classification,sklearnex,cpu,make_classification,,"{""max_features"":0.3,""max_leaf_nodes"":1000,""n_estimators"":64,""random_state"":42}","{""generation_kwargs"":{""n_classes"":2,""n_features"":20,""n_informative"":10,""n_redundant"":0,""n_samples"":10000},""source"":""make_classification"",""split_kwargs"":{""test_size"":0.2}}","{""n_classes"":2,""n_features"":20,""n_informative"":10,""n_redundant"":0,""n_samples"":10000}","{""test_size"":0.2}"
sklearn,sklearnex-cpu,predict,ExtraTreesClassifier,2.549078448079039,0.4063832011199503,3.3247530227527022,1.3042960781604052,False,2026-05-29T13:33:57+00:00,2026-05-29T13:41:51+00:00,results/69cd73/results_20260529T133357Z.json,results/62f632/results_20260529T134151Z.json,classification,sklearnex,cpu,make_classification,,"{""max_features"":0.3,""n_estimators"":64,""random_state"":42}","{""generation_kwargs"":{""n_classes"":2,""n_features"":500,""n_informative"":250,""n_redundant"":0,""n_samples"":1000},""source"":""make_classification"",""split_kwargs"":{""test_size"":0.2}}","{""n_classes"":2,""n_features"":500,""n_informative"":250,""n_redundant"":0,""n_samples"":1000}","{""test_size"":0.2}"
sklearn,sklearnex-cpu,predict,ExtraTreesClassifier,1.7560486043684775,0.24453653225168895,2.756306086666882,1.569606945849955,False,2026-05-29T13:33:57+00:00,2026-05-29T13:41:51+00:00,results/69cd73/results_20260529T133357Z.json,results/62f632/results_20260529T134151Z.json,classification,sklearnex,cpu,make_classification,,"{""max_depth"":4,""max_features"":0.3,""n_estimators"":64,""random_state"":42}","{""generation_kwargs"":{""n_classes"":2,""n_features"":500,""n_informative"":250,""n_redundant"":0,""n_samples"":1000},""source"":""make_classification"",""split_kwargs"":{""test_size"":0.2}}","{""n_classes"":2,""n_features"":500,""n_informative"":250,""n_redundant"":0,""n_samples"":1000}","{""test_size"":0.2}"
sklearn,sklearnex-cpu,predict,ExtraTreesClassifier,2.623074503110193,0.4188106260193012,3.3769330475479364,1.2873950181528926,False,2026-05-29T13:33:57+00:00,2026-05-29T13:41:51+00:00,results/69cd73/results_20260529T133357Z.json,results/62f632/results_20260529T134151Z.json,classification,sklearnex,cpu,make_classification,,"{""max_features"":0.3,""max_leaf_nodes"":1000,""n_estimators"":64,""random_state"":42}","{""generation_kwargs"":{""n_classes"":2,""n_features"":500,""n_informative"":250,""n_redundant"":0,""n_samples"":1000},""source"":""make_classification"",""split_kwargs"":{""test_size"":0.2}}","{""n_classes"":2,""n_features"":500,""n_informative"":250,""n_redundant"":0,""n_samples"":1000}","{""test_size"":0.2}"
sklearn,sklearnex-gpu,predict,ExtraTreesClassifier,20.304962563772698,1.3076021931187458,117.8560130065307,5.8042960008606315,False,2026-05-29T13:33:57+00:00,2026-05-29T13:41:51+00:00,results/69cd73/results_20260529T133357Z.json,results/62f632/results_20260529T134151Z.json,classification,sklearnex,gpu,make_classification,,"{""max_features"":0.3,""n_estimators"":64,""random_state"":42}","{""generation_kwargs"":{""n_classes"":2,""n_clusters_per_class"":1,""n_features"":1,""n_informative"":1,""n_redundant"":0,""n_samples"":100000},""source"":""make_classification"",""split_kwargs"":{""test_size"":0.2}}","{""n_classes"":2,""n_clusters_per_class"":1,""n_features"":1,""n_informative"":1,""n_redundant"":0,""n_samples"":100000}","{""test_size"":0.2}"
sklearn,sklearnex-gpu,predict,ExtraTreesClassifier,15.97538192258562,1.2034512496090761,19.595309044234455,1.2265940895304084,False,2026-05-29T13:33:57+00:00,2026-05-29T13:41:51+00:00,results/69cd73/results_20260529T133357Z.json,results/62f632/results_20260529T134151Z.json,classification,sklearnex,gpu,make_classification,,"{""max_depth"":4,""max_features"":0.3,""n_estimators"":64,""random_state"":42}","{""generation_kwargs"":{""n_classes"":2,""n_clusters_per_class"":1,""n_features"":1,""n_informative"":1,""n_redundant"":0,""n_samples"":100000},""source"":""make_classification"",""split_kwargs"":{""test_size"":0.2}}","{""n_classes"":2,""n_clusters_per_class"":1,""n_features"":1,""n_informative"":1,""n_redundant"":0,""n_samples"":100000}","{""test_size"":0.2}"
sklearn,sklearnex-gpu,predict,ExtraTreesClassifier,7.133058728002801,0.8532757996750439,34.28250690922141,4.806143930181861,False,2026-05-29T13:33:57+00:00,2026-05-29T13:41:51+00:00,results/69cd73/results_20260529T133357Z.json,results/62f632/results_20260529T134151Z.json,classification,sklearnex,gpu,make_classification,,"{""max_features"":0.3,""max_leaf_nodes"":1000,""n_estimators"":64,""random_state"":42}","{""generation_kwargs"":{""n_classes"":2,""n_clusters_per_class"":1,""n_features"":1,""n_informative"":1,""n_redundant"":0,""n_samples"":100000},""source"":""make_classification"",""split_kwargs"":{""test_size"":0.2}}","{""n_classes"":2,""n_clusters_per_class"":1,""n_features"":1,""n_informative"":1,""n_redundant"":0,""n_samples"":100000}","{""test_size"":0.2}"
sklearn,sklearnex-gpu,predict,ExtraTreesClassifier,6.422269396305765,0.8076885190559506,13.790179044008255,2.147243940271437,False,2026-05-29T13:33:57+00:00,2026-05-29T13:41:51+00:00,results/69cd73/results_20260529T133357Z.json,results/62f632/results_20260529T134151Z.json,classification,sklearnex,gpu,make_classification,,"{""max_features"":0.3,""n_estimators"":64,""random_state"":42}","{""generation_kwargs"":{""n_classes"":2,""n_features"":20,""n_informative"":10,""n_redundant"":0,""n_samples"":10000},""source"":""make_classification"",""split_kwargs"":{""test_size"":0.2}}","{""n_classes"":2,""n_features"":20,""n_informative"":10,""n_redundant"":0,""n_samples"":10000}","{""test_size"":0.2}"
sklearn,sklearnex-gpu,predict,ExtraTreesClassifier,1.9819904179049896,0.29710155052208825,3.789520007558167,1.9119769567623734,False,2026-05-29T13:33:57+00:00,2026-05-29T13:41:51+00:00,results/69cd73/results_20260529T133357Z.json,results/62f632/results_20260529T134151Z.json,classification,sklearnex,gpu,make_classification,,"{""max_depth"":4,""max_features"":0.3,""n_estimators"":64,""random_state"":42}","{""generation_kwargs"":{""n_classes"":2,""n_features"":20,""n_informative"":10,""n_redundant"":0,""n_samples"":10000},""source"":""make_classification"",""split_kwargs"":{""test_size"":0.2}}","{""n_classes"":2,""n_features"":20,""n_informative"":10,""n_redundant"":0,""n_samples"":10000}","{""test_size"":0.2}"
sklearn,sklearnex-gpu,predict,ExtraTreesClassifier,5.0967149502117906,0.7072903449852452,10.736973956227303,2.106645959429443,False,2026-05-29T13:33:57+00:00,2026-05-29T13:41:51+00:00,results/69cd73/results_20260529T133357Z.json,results/62f632/results_20260529T134151Z.json,classification,sklearnex,gpu,make_classification,,"{""max_features"":0.3,""max_leaf_nodes"":1000,""n_estimators"":64,""random_state"":42}","{""generation_kwargs"":{""n_classes"":2,""n_features"":20,""n_informative"":10,""n_redundant"":0,""n_samples"":10000},""source"":""make_classification"",""split_kwargs"":{""test_size"":0.2}}","{""n_classes"":2,""n_features"":20,""n_informative"":10,""n_redundant"":0,""n_samples"":10000}","{""test_size"":0.2}"
sklearn,sklearnex-gpu,predict,ExtraTreesClassifier,1.9084534873029093,0.28068157981886555,3.3247530227527022,1.7421189695596695,False,2026-05-29T13:33:57+00:00,2026-05-29T13:41:51+00:00,results/69cd73/results_20260529T133357Z.json,results/62f632/results_20260529T134151Z.json,classification,sklearnex,gpu,make_classification,,"{""max_features"":0.3,""n_estimators"":64,""random_state"":42}","{""generation_kwargs"":{""n_classes"":2,""n_features"":500,""n_informative"":250,""n_redundant"":0,""n_samples"":1000},""source"":""make_classification"",""split_kwargs"":{""test_size"":0.2}}","{""n_classes"":2,""n_features"":500,""n_informative"":250,""n_redundant"":0,""n_samples"":1000}","{""test_size"":0.2}"
sklearn,sklearnex-gpu,predict,ExtraTreesClassifier,1.7108841155755092,0.23322059418721086,2.756306086666882,1.611041952855885,False,2026-05-29T13:33:57+00:00,2026-05-29T13:41:51+00:00,results/69cd73/results_20260529T133357Z.json,results/62f632/results_20260529T134151Z.json,classification,sklearnex,gpu,make_classification,,"{""max_depth"":4,""max_features"":0.3,""n_estimators"":64,""random_state"":42}","{""generation_kwargs"":{""n_classes"":2,""n_features"":500,""n_informative"":250,""n_redundant"":0,""n_samples"":1000},""source"":""make_classification"",""split_kwargs"":{""test_size"":0.2}}","{""n_classes"":2,""n_features"":500,""n_informative"":250,""n_redundant"":0,""n_samples"":1000}","{""test_size"":0.2}"
sklearn,sklearnex-gpu,predict,ExtraTreesClassifier,0.674641952430258,-0.17092665582031588,3.3769330475479364,5.005518905818462,False,2026-05-29T13:33:57+00:00,2026-05-29T13:41:51+00:00,results/69cd73/results_20260529T133357Z.json,results/62f632/results_20260529T134151Z.json,classification,sklearnex,gpu,make_classification,,"{""max_features"":0.3,""max_leaf_nodes"":1000,""n_estimators"":64,""random_state"":42}","{""generation_kwargs"":{""n_classes"":2,""n_features"":500,""n_informative"":250,""n_redundant"":0,""n_samples"":1000},""source"":""make_classification"",""split_kwargs"":{""test_size"":0.2}}","{""n_classes"":2,""n_features"":500,""n_informative"":250,""n_redundant"":0,""n_samples"":1000}","{""test_size"":0.2}"
sklearn,sklearnex-cpu,predict,ExtraTreesRegressor,36.476885908736186,1.5620177548104337,282.1309110149741,7.7345119789242744,False,2026-05-29T13:33:57+00:00,2026-05-29T13:41:51+00:00,results/69cd73/results_20260529T133357Z.json,results/62f632/results_20260529T134151Z.json,regression,sklearnex,cpu,make_regression,,"{""max_features"":0.3,""n_estimators"":64,""random_state"":42}","{""generation_kwargs"":{""n_features"":1,""n_informative"":1,""n_samples"":100000},""source"":""make_regression"",""split_kwargs"":{""test_size"":0.2}}","{""n_features"":1,""n_informative"":1,""n_samples"":100000}","{""test_size"":0.2}"
sklearn,sklearnex-cpu,predict,ExtraTreesRegressor,8.87023330968032,0.9479350430306184,15.649753040634096,1.7643000464886427,False,2026-05-29T13:33:57+00:00,2026-05-29T13:41:51+00:00,results/69cd73/results_20260529T133357Z.json,results/62f632/results_20260529T134151Z.json,regression,sklearnex,cpu,make_regression,,"{""max_depth"":4,""max_features"":0.3,""n_estimators"":64,""random_state"":42}","{""generation_kwargs"":{""n_features"":1,""n_informative"":1,""n_samples"":100000},""source"":""make_regression"",""split_kwargs"":{""test_size"":0.2}}","{""n_features"":1,""n_informative"":1,""n_samples"":100000}","{""test_size"":0.2}"
sklearn,sklearnex-cpu,predict,ExtraTreesRegressor,13.188679890969876,1.120201327406933,96.41621308401227,7.310527958907187,False,2026-05-29T13:33:57+00:00,2026-05-29T13:41:51+00:00,results/69cd73/results_20260529T133357Z.json,results/62f632/results_20260529T134151Z.json,regression,sklearnex,cpu,make_regression,,"{""max_features"":0.3,""max_leaf_nodes"":1000,""n_estimators"":64,""random_state"":42}","{""generation_kwargs"":{""n_features"":1,""n_informative"":1,""n_samples"":100000},""source"":""make_regression"",""split_kwargs"":{""test_size"":0.2}}","{""n_features"":1,""n_informative"":1,""n_samples"":100000}","{""test_size"":0.2}"
sklearn,sklearnex-cpu,predict,ExtraTreesRegressor,7.641341379524683,0.883169602370359,23.542177979834378,3.0808959854766726,False,2026-05-29T13:33:57+00:00,2026-05-29T13:41:51+00:00,results/69cd73/results_20260529T133357Z.json,results/62f632/results_20260529T134151Z.json,regression,sklearnex,cpu,make_regression,,"{""max_features"":0.3,""n_estimators"":64,""random_state"":42}","{""generation_kwargs"":{""n_features"":20,""n_informative"":10,""n_samples"":10000},""source"":""make_regression"",""split_kwargs"":{""test_size"":0.2}}","{""n_features"":20,""n_informative"":10,""n_samples"":10000}","{""test_size"":0.2}"
sklearn,sklearnex-cpu,predict,ExtraTreesRegressor,4.5170059324148255,0.6548506609429154,3.793788026086986,0.8398899808526039,False,2026-05-29T13:33:57+00:00,2026-05-29T13:41:51+00:00,results/69cd73/results_20260529T133357Z.json,results/62f632/results_20260529T134151Z.json,regression,sklearnex,cpu,make_regression,,"{""max_depth"":4,""max_features"":0.3,""n_estimators"":64,""random_state"":42}","{""generation_kwargs"":{""n_features"":20,""n_informative"":10,""n_samples"":10000},""source"":""make_regression"",""split_kwargs"":{""test_size"":0.2}}","{""n_features"":20,""n_informative"":10,""n_samples"":10000}","{""test_size"":0.2}"
sklearn,sklearnex-cpu,predict,ExtraTreesRegressor,6.878946635611675,0.8375219403626302,11.84826297685504,1.7223949544131756,False,2026-05-29T13:33:57+00:00,2026-05-29T13:41:51+00:00,results/69cd73/results_20260529T133357Z.json,results/62f632/results_20260529T134151Z.json,regression,sklearnex,cpu,make_regression,,"{""max_features"":0.3,""max_leaf_nodes"":1000,""n_estimators"":64,""random_state"":42}","{""generation_kwargs"":{""n_features"":20,""n_informative"":10,""n_samples"":10000},""source"":""make_regression"",""split_kwargs"":{""test_size"":0.2}}","{""n_features"":20,""n_informative"":10,""n_samples"":10000}","{""test_size"":0.2}"
sklearn,sklearnex-cpu,predict,ExtraTreesRegressor,2.560073564424376,0.4082524450636231,3.876773058436811,1.5143209602683783,False,2026-05-29T13:33:57+00:00,2026-05-29T13:41:51+00:00,results/69cd73/results_20260529T133357Z.json,results/62f632/results_20260529T134151Z.json,regression,sklearnex,cpu,make_regression,,"{""max_features"":0.3,""n_estimators"":64,""random_state"":42}","{""generation_kwargs"":{""n_features"":500,""n_informative"":250,""n_samples"":1000},""source"":""make_regression"",""split_kwargs"":{""test_size"":0.2}}","{""n_features"":500,""n_informative"":250,""n_samples"":1000}","{""test_size"":0.2}"
sklearn,sklearnex-cpu,predict,ExtraTreesRegressor,2.2691400443210332,0.3558613000272815,2.8229939052835107,1.244080951437354,False,2026-05-29T13:33:57+00:00,2026-05-29T13:41:51+00:00,results/69cd73/results_20260529T133357Z.json,results/62f632/results_20260529T134151Z.json,regression,sklearnex,cpu,make_regression,,"{""max_depth"":4,""max_features"":0.3,""n_estimators"":64,""random_state"":42}","{""generation_kwargs"":{""n_features"":500,""n_informative"":250,""n_samples"":1000},""source"":""make_regression"",""split_kwargs"":{""test_size"":0.2}}","{""n_features"":500,""n_informative"":250,""n_samples"":1000}","{""test_size"":0.2}"
sklearn,sklearnex-cpu,predict,ExtraTreesRegressor,2.909643270193958,0.4638397466205953,3.924870048649609,1.3489179546013474,False,2026-05-29T13:33:57+00:00,2026-05-29T13:41:51+00:00,results/69cd73/results_20260529T133357Z.json,results/62f632/results_20260529T134151Z.json,regression,sklearnex,cpu,make_regression,,"{""max_features"":0.3,""max_leaf_nodes"":1000,""n_estimators"":64,""random_state"":42}","{""generation_kwargs"":{""n_features"":500,""n_informative"":250,""n_samples"":1000},""source"":""make_regression"",""split_kwargs"":{""test_size"":0.2}}","{""n_features"":500,""n_informative"":250,""n_samples"":1000}","{""test_size"":0.2}"
sklearn,sklearnex-gpu,predict,ExtraTreesRegressor,44.36080620165255,1.646999430302808,282.1309110149741,6.3599139684811234,False,2026-05-29T13:33:57+00:00,2026-05-29T13:41:51+00:00,results/69cd73/results_20260529T133357Z.json,results/62f632/results_20260529T134151Z.json,regression,sklearnex,gpu,make_regression,,"{""max_features"":0.3,""n_estimators"":64,""random_state"":42}","{""generation_kwargs"":{""n_features"":1,""n_informative"":1,""n_samples"":100000},""source"":""make_regression"",""split_kwargs"":{""test_size"":0.2}}","{""n_features"":1,""n_informative"":1,""n_samples"":100000}","{""test_size"":0.2}"
sklearn,sklearnex-gpu,predict,ExtraTreesRegressor,15.084229879330968,1.1785231423071842,15.649753040634096,1.0374910198152065,False,2026-05-29T13:33:57+00:00,2026-05-29T13:41:51+00:00,results/69cd73/results_20260529T133357Z.json,results/62f632/results_20260529T134151Z.json,regression,sklearnex,gpu,make_regression,,"{""max_depth"":4,""max_features"":0.3,""n_estimators"":64,""random_state"":42}","{""generation_kwargs"":{""n_features"":1,""n_informative"":1,""n_samples"":100000},""source"":""make_regression"",""split_kwargs"":{""test_size"":0.2}}","{""n_features"":1,""n_informative"":1,""n_samples"":100000}","{""test_size"":0.2}"
sklearn,sklearnex-gpu,predict,ExtraTreesRegressor,12.857658581752268,1.1091618894586321,96.41621308401227,7.498738006688654,False,2026-05-29T13:33:57+00:00,2026-05-29T13:41:51+00:00,results/69cd73/results_20260529T133357Z.json,results/62f632/results_20260529T134151Z.json,regression,sklearnex,gpu,make_regression,,"{""max_features"":0.3,""max_leaf_nodes"":1000,""n_estimators"":64,""random_state"":42}","{""generation_kwargs"":{""n_features"":1,""n_informative"":1,""n_samples"":100000},""source"":""make_regression"",""split_kwargs"":{""test_size"":0.2}}","{""n_features"":1,""n_informative"":1,""n_samples"":100000}","{""test_size"":0.2}"
sklearn,sklearnex-gpu,predict,ExtraTreesRegressor,3.2917214219726536,0.5174230738004445,3.793788026086986,1.1525240261107683,False,2026-05-29T13:33:57+00:00,2026-05-29T13:41:51+00:00,results/69cd73/results_20260529T133357Z.json,results/62f632/results_20260529T134151Z.json,regression,sklearnex,gpu,make_regression,,"{""max_depth"":4,""max_features"":0.3,""n_estimators"":64,""random_state"":42}","{""generation_kwargs"":{""n_features"":20,""n_informative"":10,""n_samples"":10000},""source"":""make_regression"",""split_kwargs"":{""test_size"":0.2}}","{""n_features"":20,""n_informative"":10,""n_samples"":10000}","{""test_size"":0.2}"
sklearn,sklearnex-gpu,predict,ExtraTreesRegressor,3.764809762364052,0.5757430359834923,11.84826297685504,3.1471080146729946,False,2026-05-29T13:33:57+00:00,2026-05-29T13:41:51+00:00,results/69cd73/results_20260529T133357Z.json,results/62f632/results_20260529T134151Z.json,regression,sklearnex,gpu,make_regression,,"{""max_features"":0.3,""max_leaf_nodes"":1000,""n_estimators"":64,""random_state"":42}","{""generation_kwargs"":{""n_features"":20,""n_informative"":10,""n_samples"":10000},""source"":""make_regression"",""split_kwargs"":{""test_size"":0.2}}","{""n_features"":20,""n_informative"":10,""n_samples"":10000}","{""test_size"":0.2}"
sklearn,sklearnex-gpu,predict,ExtraTreesRegressor,1.9469981726955319,0.28936554392443864,3.876773058436811,1.9911539275199175,False,2026-05-29T13:33:57+00:00,2026-05-29T13:41:51+00:00,results/69cd73/results_20260529T133357Z.json,results/62f632/results_20260529T134151Z.json,regression,sklearnex,gpu,make_regression,,"{""max_features"":0.3,""n_estimators"":64,""random_state"":42}","{""generation_kwargs"":{""n_features"":500,""n_informative"":250,""n_samples"":1000},""source"":""make_regression"",""split_kwargs"":{""test_size"":0.2}}","{""n_features"":500,""n_informative"":250,""n_samples"":1000}","{""test_size"":0.2}"
sklearn,sklearnex-gpu,predict,ExtraTreesRegressor,1.6422350451762506,0.21543531570526755,2.8229939052835107,1.71899504493922,False,2026-05-29T13:33:57+00:00,2026-05-29T13:41:51+00:00,results/69cd73/results_20260529T133357Z.json,results/62f632/results_20260529T134151Z.json,regression,sklearnex,gpu,make_regression,,"{""max_depth"":4,""max_features"":0.3,""n_estimators"":64,""random_state"":42}","{""generation_kwargs"":{""n_features"":500,""n_informative"":250,""n_samples"":1000},""source"":""make_regression"",""split_kwargs"":{""test_size"":0.2}}","{""n_features"":500,""n_informative"":250,""n_samples"":1000}","{""test_size"":0.2}"
sklearn,sklearnex-gpu,predict,ExtraTreesRegressor,2.0556106770324445,0.3129408647847987,3.924870048649609,1.90934503916651,False,2026-05-29T13:33:57+00:00,2026-05-29T13:41:51+00:00,results/69cd73/results_20260529T133357Z.json,results/62f632/results_20260529T134151Z.json,regression,sklearnex,gpu,make_regression,,"{""max_features"":0.3,""max_leaf_nodes"":1000,""n_estimators"":64,""random_state"":42}","{""generation_kwargs"":{""n_features"":500,""n_informative"":250,""n_samples"":1000},""source"":""make_regression"",""split_kwargs"":{""test_size"":0.2}}","{""n_features"":500,""n_informative"":250,""n_samples"":1000}","{""test_size"":0.2}"
sklearn,sklearnex-cpu,predict,LinearRegression,0.885194523157221,-0.05296128178720558,1.78057502489537,2.011507051065564,False,2026-05-29T13:33:57+00:00,2026-05-29T13:41:51+00:00,results/69cd73/results_20260529T133357Z.json,results/62f632/results_20260529T134151Z.json,regression,sklearnex,cpu,make_regression,,{},"{""generation_kwargs"":{""n_features"":2,""n_informative"":2,""n_samples"":10000000},""source"":""make_regression"",""split_kwargs"":{""test_size"":0.2}}","{""n_features"":2,""n_informative"":2,""n_samples"":10000000}","{""test_size"":0.2}"
sklearn,sklearnex-cpu,predict,LinearRegression,0.8848325988607127,-0.0531388855369737,1.003401936031878,1.1340019991621375,False,2026-05-29T13:33:57+00:00,2026-05-29T13:41:51+00:00,results/69cd73/results_20260529T133357Z.json,results/62f632/results_20260529T134151Z.json,regression,sklearnex,cpu,make_regression,,{},"{""generation_kwargs"":{""n_features"":20,""n_informative"":5,""n_samples"":1000000},""source"":""make_regression"",""split_kwargs"":{""test_size"":0.2}}","{""n_features"":20,""n_informative"":5,""n_samples"":1000000}","{""test_size"":0.2}"
sklearn,sklearnex-cpu,predict,LinearRegression,0.9122339276228618,-0.03989377960068584,1.2779009994119406,1.4008479192852974,False,2026-05-29T13:33:57+00:00,2026-05-29T13:41:51+00:00,results/69cd73/results_20260529T133357Z.json,results/62f632/results_20260529T134151Z.json,regression,sklearnex,cpu,make_regression,,{},"{""generation_kwargs"":{""n_features"":200,""n_informative"":40,""n_samples"":100000},""source"":""make_regression"",""split_kwargs"":{""test_size"":0.2}}","{""n_features"":200,""n_informative"":40,""n_samples"":100000}","{""test_size"":0.2}"
sklearn,sklearnex-cpu,predict,LinearRegression,0.858307195140038,-0.06635724679405731,3.289773943834007,3.8328630616888404,False,2026-05-29T13:33:57+00:00,2026-05-29T13:41:51+00:00,results/69cd73/results_20260529T133357Z.json,results/62f632/results_20260529T134151Z.json,regression,sklearnex,cpu,make_regression,,{},"{""generation_kwargs"":{""n_features"":2000,""n_informative"":100,""n_samples"":10000},""source"":""make_regression"",""split_kwargs"":{""test_size"":0.2}}","{""n_features"":2000,""n_informative"":100,""n_samples"":10000}","{""test_size"":0.2}"
sklearn,sklearnex-gpu,predict,LinearRegression,0.038806700646383425,-1.4110932794960105,1.78057502489537,45.88318499736488,False,2026-05-29T13:33:57+00:00,2026-05-29T13:41:51+00:00,results/69cd73/results_20260529T133357Z.json,results/62f632/results_20260529T134151Z.json,regression,sklearnex,gpu,make_regression,,{},"{""generation_kwargs"":{""n_features"":2,""n_informative"":2,""n_samples"":10000000},""source"":""make_regression"",""split_kwargs"":{""test_size"":0.2}}","{""n_features"":2,""n_informative"":2,""n_samples"":10000000}","{""test_size"":0.2}"
sklearn,sklearnex-gpu,predict,LinearRegression,0.12103707349005806,-0.9170815855010959,1.003401936031878,8.290037978440523,False,2026-05-29T13:33:57+00:00,2026-05-29T13:41:51+00:00,results/69cd73/results_20260529T133357Z.json,results/62f632/results_20260529T134151Z.json,regression,sklearnex,gpu,make_regression,,{},"{""generation_kwargs"":{""n_features"":20,""n_informative"":5,""n_samples"":1000000},""source"":""make_regression"",""split_kwargs"":{""test_size"":0.2}}","{""n_features"":20,""n_informative"":5,""n_samples"":1000000}","{""test_size"":0.2}"
sklearn,sklearnex-gpu,predict,LinearRegression,0.19471257938062975,-0.7106059900356118,1.2779009994119406,6.563012022525072,False,2026-05-29T13:33:57+00:00,2026-05-29T13:41:51+00:00,results/69cd73/results_20260529T133357Z.json,results/62f632/results_20260529T134151Z.json,regression,sklearnex,gpu,make_regression,,{},"{""generation_kwargs"":{""n_features"":200,""n_informative"":40,""n_samples"":100000},""source"":""make_regression"",""split_kwargs"":{""test_size"":0.2}}","{""n_features"":200,""n_informative"":40,""n_samples"":100000}","{""test_size"":0.2}"
sklearn,sklearnex-gpu,predict,LinearRegression,0.3127064336642904,-0.5048631834319743,3.289773943834007,10.520327021367848,False,2026-05-29T13:33:57+00:00,2026-05-29T13:41:51+00:00,results/69cd73/results_20260529T133357Z.json,results/62f632/results_20260529T134151Z.json,regression,sklearnex,gpu,make_regression,,{},"{""generation_kwargs"":{""n_features"":2000,""n_informative"":100,""n_samples"":10000},""source"":""make_regression"",""split_kwargs"":{""test_size"":0.2}}","{""n_features"":2000,""n_informative"":100,""n_samples"":10000}","{""test_size"":0.2}"
sklearn,sklearn-dpnp-gpu,predict,LogisticRegression,3.8514463187684664,0.5856238490685427,10.284724994562566,2.670353977009654,False,2026-05-29T13:33:57+00:00,2026-05-29T12:18:43+00:00,results/69cd73/results_20260529T133357Z.json,results/27bc44/results_20260529T121843Z.json,classification,sklearn,gpu,make_classification,dpnp,{},"{""format"":""dpnp"",""generation_kwargs"":{""n_classes"":2,""n_features"":2,""n_informative"":2,""n_redundant"":0,""n_samples"":10000000},""source"":""make_classification"",""split_kwargs"":{""test_size"":0.2}}","{""n_classes"":2,""n_features"":2,""n_informative"":2,""n_redundant"":0,""n_samples"":10000000}","{""test_size"":0.2}"
sklearn,sklearn-dpnp-gpu,predict,LogisticRegression,1.7841690832382167,0.2514360094782821,3.600164083763957,2.0178379490971565,False,2026-05-29T13:33:57+00:00,2026-05-29T12:18:43+00:00,results/69cd73/results_20260529T133357Z.json,results/27bc44/results_20260529T121843Z.json,classification,sklearn,gpu,make_classification,dpnp,{},"{""format"":""dpnp"",""generation_kwargs"":{""n_classes"":2,""n_features"":20,""n_informative"":5,""n_redundant"":0,""n_samples"":1000000},""source"":""make_classification"",""split_kwargs"":{""test_size"":0.2}}","{""n_classes"":2,""n_features"":20,""n_informative"":5,""n_redundant"":0,""n_samples"":1000000}","{""test_size"":0.2}"
sklearn,sklearn-dpnp-gpu,predict,LogisticRegression,2.0367335156108095,0.3089342100160748,4.064920940436423,1.9958040211349726,False,2026-05-29T13:33:57+00:00,2026-05-29T12:18:43+00:00,results/69cd73/results_20260529T133357Z.json,results/27bc44/results_20260529T121843Z.json,classification,sklearn,gpu,make_classification,dpnp,{},"{""format"":""dpnp"",""generation_kwargs"":{""n_classes"":2,""n_features"":200,""n_informative"":40,""n_redundant"":0,""n_samples"":100000},""source"":""make_classification"",""split_kwargs"":{""test_size"":0.2}}","{""n_classes"":2,""n_features"":200,""n_informative"":40,""n_redundant"":0,""n_samples"":100000}","{""test_size"":0.2}"
sklearn,sklearn-dpnp-gpu,predict,LogisticRegression,2.3752281813709852,0.37570533739251205,5.591907072812319,2.3542609997093678,False,2026-05-29T13:33:57+00:00,2026-05-29T12:18:43+00:00,results/69cd73/results_20260529T133357Z.json,results/27bc44/results_20260529T121843Z.json,classification,sklearn,gpu,make_classification,dpnp,{},"{""format"":""dpnp"",""generation_kwargs"":{""n_classes"":2,""n_features"":2000,""n_informative"":100,""n_redundant"":0,""n_samples"":10000},""source"":""make_classification"",""split_kwargs"":{""test_size"":0.2}}","{""n_classes"":2,""n_features"":2000,""n_informative"":100,""n_redundant"":0,""n_samples"":10000}","{""test_size"":0.2}"
sklearn,sklearn-torch-xpu,predict,LogisticRegression,8.318228973254403,0.9200308708801082,10.284724994562566,1.2364080175757408,False,2026-05-29T13:33:57+00:00,2026-05-29T12:18:43+00:00,results/69cd73/results_20260529T133357Z.json,results/27bc44/results_20260529T121843Z.json,classification,sklearn,xpu,make_classification,torch,{},"{""format"":""torch"",""generation_kwargs"":{""n_classes"":2,""n_features"":2,""n_informative"":2,""n_redundant"":0,""n_samples"":10000000},""source"":""make_classification"",""split_kwargs"":{""test_size"":0.2}}","{""n_classes"":2,""n_features"":2,""n_informative"":2,""n_redundant"":0,""n_samples"":10000000}","{""test_size"":0.2}"
sklearn,sklearn-torch-xpu,predict,LogisticRegression,5.810559356901995,0.7642179420156126,3.600164083763957,0.6195899331942201,False,2026-05-29T13:33:57+00:00,2026-05-29T12:18:43+00:00,results/69cd73/results_20260529T133357Z.json,results/27bc44/results_20260529T121843Z.json,classification,sklearn,xpu,make_classification,torch,{},"{""format"":""torch"",""generation_kwargs"":{""n_classes"":2,""n_features"":20,""n_informative"":5,""n_redundant"":0,""n_samples"":1000000},""source"":""make_classification"",""split_kwargs"":{""test_size"":0.2}}","{""n_classes"":2,""n_features"":20,""n_informative"":5,""n_redundant"":0,""n_samples"":1000000}","{""test_size"":0.2}"
sklearn,sklearn-torch-xpu,predict,LogisticRegression,6.564179587644138,0.8171804542908591,4.064920940436423,0.6192580331116915,False,2026-05-29T13:33:57+00:00,2026-05-29T12:18:43+00:00,results/69cd73/results_20260529T133357Z.json,results/27bc44/results_20260529T121843Z.json,classification,sklearn,xpu,make_classification,torch,{},"{""format"":""torch"",""generation_kwargs"":{""n_classes"":2,""n_features"":200,""n_informative"":40,""n_redundant"":0,""n_samples"":100000},""source"":""make_classification"",""split_kwargs"":{""test_size"":0.2}}","{""n_classes"":2,""n_features"":200,""n_informative"":40,""n_redundant"":0,""n_samples"":100000}","{""test_size"":0.2}"
sklearn,sklearn-torch-xpu,predict,LogisticRegression,9.08088211801791,0.9581280379902284,5.591907072812319,0.6157889729365706,False,2026-05-29T13:33:57+00:00,2026-05-29T12:18:43+00:00,results/69cd73/results_20260529T133357Z.json,results/27bc44/results_20260529T121843Z.json,classification,sklearn,xpu,make_classification,torch,{},"{""format"":""torch"",""generation_kwargs"":{""n_classes"":2,""n_features"":2000,""n_informative"":100,""n_redundant"":0,""n_samples"":10000},""source"":""make_classification"",""split_kwargs"":{""test_size"":0.2}}","{""n_classes"":2,""n_features"":2000,""n_informative"":100,""n_redundant"":0,""n_samples"":10000}","{""test_size"":0.2}"
sklearn,sklearnex-cpu,predict,LogisticRegression,2.5331267284850667,0.40365691742774523,10.284724994562566,4.060090985149145,False,2026-05-29T13:33:57+00:00,2026-05-29T13:41:51+00:00,results/69cd73/results_20260529T133357Z.json,results/62f632/results_20260529T134151Z.json,classification,sklearnex,cpu,make_classification,,{},"{""generation_kwargs"":{""n_classes"":2,""n_features"":2,""n_informative"":2,""n_redundant"":0,""n_samples"":10000000},""source"":""make_classification"",""split_kwargs"":{""test_size"":0.2}}","{""n_classes"":2,""n_features"":2,""n_informative"":2,""n_redundant"":0,""n_samples"":10000000}","{""test_size"":0.2}"
sklearn,sklearnex-cpu,predict,LogisticRegression,1.8331753975908327,0.2632040200967287,3.600164083763957,1.963895047083497,False,2026-05-29T13:33:57+00:00,2026-05-29T13:41:51+00:00,results/69cd73/results_20260529T133357Z.json,results/62f632/results_20260529T134151Z.json,classification,sklearnex,cpu,make_classification,,{},"{""generation_kwargs"":{""n_classes"":2,""n_features"":20,""n_informative"":5,""n_redundant"":0,""n_samples"":1000000},""source"":""make_classification"",""split_kwargs"":{""test_size"":0.2}}","{""n_classes"":2,""n_features"":20,""n_informative"":5,""n_redundant"":0,""n_samples"":1000000}","{""test_size"":0.2}"
sklearn,sklearnex-cpu,predict,LogisticRegression,0.7216789558587976,-0.14165595853436044,4.064920940436423,5.63258898910135,False,2026-05-29T13:33:57+00:00,2026-05-29T13:41:51+00:00,results/69cd73/results_20260529T133357Z.json,results/62f632/results_20260529T134151Z.json,classification,sklearnex,cpu,make_classification,,{},"{""generation_kwargs"":{""n_classes"":2,""n_features"":200,""n_informative"":40,""n_redundant"":0,""n_samples"":100000},""source"":""make_classification"",""split_kwargs"":{""test_size"":0.2}}","{""n_classes"":2,""n_features"":200,""n_informative"":40,""n_redundant"":0,""n_samples"":100000}","{""test_size"":0.2}"
sklearn,sklearnex-cpu,predict,LogisticRegression,0.651083232130171,-0.1863634892439669,5.591907072812319,8.58862092718482,False,2026-05-29T13:33:57+00:00,2026-05-29T13:41:51+00:00,results/69cd73/results_20260529T133357Z.json,results/62f632/results_20260529T134151Z.json,classification,sklearnex,cpu,make_classification,,{},"{""generation_kwargs"":{""n_classes"":2,""n_features"":2000,""n_informative"":100,""n_redundant"":0,""n_samples"":10000},""source"":""make_classification"",""split_kwargs"":{""test_size"":0.2}}","{""n_classes"":2,""n_features"":2000,""n_informative"":100,""n_redundant"":0,""n_samples"":10000}","{""test_size"":0.2}"
sklearn,sklearnex-gpu,predict,LogisticRegression,0.9863540889004601,-0.005967150728243914,10.284724994562566,10.427011060528457,False,2026-05-29T13:33:57+00:00,2026-05-29T13:41:51+00:00,results/69cd73/results_20260529T133357Z.json,results/62f632/results_20260529T134151Z.json,classification,sklearnex,gpu,make_classification,,{},"{""generation_kwargs"":{""n_classes"":2,""n_features"":2,""n_informative"":2,""n_redundant"":0,""n_samples"":10000000},""source"":""make_classification"",""split_kwargs"":{""test_size"":0.2}}","{""n_classes"":2,""n_features"":2,""n_informative"":2,""n_redundant"":0,""n_samples"":10000000}","{""test_size"":0.2}"
sklearn,sklearnex-gpu,predict,LogisticRegression,0.9045856604162124,-0.04355030101578201,3.600164083763957,3.9799039950594306,False,2026-05-29T13:33:57+00:00,2026-05-29T13:41:51+00:00,results/69cd73/results_20260529T133357Z.json,results/62f632/results_20260529T134151Z.json,classification,sklearnex,gpu,make_classification,,{},"{""generation_kwargs"":{""n_classes"":2,""n_features"":20,""n_informative"":5,""n_redundant"":0,""n_samples"":1000000},""source"":""make_classification"",""split_kwargs"":{""test_size"":0.2}}","{""n_classes"":2,""n_features"":20,""n_informative"":5,""n_redundant"":0,""n_samples"":1000000}","{""test_size"":0.2}"
sklearn,sklearnex-gpu,predict,LogisticRegression,0.9386921277960325,-0.027476824265900222,4.064920940436423,4.330409108661115,False,2026-05-29T13:33:57+00:00,2026-05-29T13:41:51+00:00,results/69cd73/results_20260529T133357Z.json,results/62f632/results_20260529T134151Z.json,classification,sklearnex,gpu,make_classification,,{},"{""generation_kwargs"":{""n_classes"":2,""n_features"":200,""n_informative"":40,""n_redundant"":0,""n_samples"":100000},""source"":""make_classification"",""split_kwargs"":{""test_size"":0.2}}","{""n_classes"":2,""n_features"":200,""n_informative"":40,""n_redundant"":0,""n_samples"":100000}","{""test_size"":0.2}"
sklearn,sklearnex-gpu,predict,LogisticRegression,0.5843667514540215,-0.23331450196229003,5.591907072812319,9.569173911586404,False,2026-05-29T13:33:57+00:00,2026-05-29T13:41:51+00:00,results/69cd73/results_20260529T133357Z.json,results/62f632/results_20260529T134151Z.json,classification,sklearnex,gpu,make_classification,,{},"{""generation_kwargs"":{""n_classes"":2,""n_features"":2000,""n_informative"":100,""n_redundant"":0,""n_samples"":10000},""source"":""make_classification"",""split_kwargs"":{""test_size"":0.2}}","{""n_classes"":2,""n_features"":2000,""n_informative"":100,""n_redundant"":0,""n_samples"":10000}","{""test_size"":0.2}"
sklearn,sklearnex-cpu,predict,RandomForestClassifier,15.419925627369354,1.1880822790520984,83.93033209722489,5.442979047074914,False,2026-05-29T13:33:57+00:00,2026-05-29T13:41:51+00:00,results/69cd73/results_20260529T133357Z.json,results/62f632/results_20260529T134151Z.json,classification,sklearnex,cpu,make_classification,,"{""max_features"":0.3,""n_estimators"":64,""random_state"":42}","{""generation_kwargs"":{""n_classes"":2,""n_clusters_per_class"":1,""n_features"":1,""n_informative"":1,""n_redundant"":0,""n_samples"":100000},""source"":""make_classification"",""split_kwargs"":{""test_size"":0.2}}","{""n_classes"":2,""n_clusters_per_class"":1,""n_features"":1,""n_informative"":1,""n_redundant"":0,""n_samples"":100000}","{""test_size"":0.2}"
sklearn,sklearnex-cpu,predict,RandomForestClassifier,5.7142247296582935,0.756957316363718,14.404857996851206,2.5208770530298352,False,2026-05-29T13:33:57+00:00,2026-05-29T13:41:51+00:00,results/69cd73/results_20260529T133357Z.json,results/62f632/results_20260529T134151Z.json,classification,sklearnex,cpu,make_classification,,"{""max_depth"":4,""max_features"":0.3,""n_estimators"":64,""random_state"":42}","{""generation_kwargs"":{""n_classes"":2,""n_clusters_per_class"":1,""n_features"":1,""n_informative"":1,""n_redundant"":0,""n_samples"":100000},""source"":""make_classification"",""split_kwargs"":{""test_size"":0.2}}","{""n_classes"":2,""n_clusters_per_class"":1,""n_features"":1,""n_informative"":1,""n_redundant"":0,""n_samples"":100000}","{""test_size"":0.2}"
sklearn,sklearnex-cpu,predict,RandomForestClassifier,15.187518965804472,1.1814868332791173,84.43724410608411,5.559646990150213,False,2026-05-29T13:33:57+00:00,2026-05-29T13:41:51+00:00,results/69cd73/results_20260529T133357Z.json,results/62f632/results_20260529T134151Z.json,classification,sklearnex,cpu,make_classification,,"{""max_features"":0.3,""max_leaf_nodes"":1000,""n_estimators"":64,""random_state"":42}","{""generation_kwargs"":{""n_classes"":2,""n_clusters_per_class"":1,""n_features"":1,""n_informative"":1,""n_redundant"":0,""n_samples"":100000},""source"":""make_classification"",""split_kwargs"":{""test_size"":0.2}}","{""n_classes"":2,""n_clusters_per_class"":1,""n_features"":1,""n_informative"":1,""n_redundant"":0,""n_samples"":100000}","{""test_size"":0.2}"
sklearn,sklearnex-cpu,predict,RandomForestClassifier,5.367937662114443,0.72980746372634,9.947416023351252,1.853116904385388,False,2026-05-29T13:33:57+00:00,2026-05-29T13:41:51+00:00,results/69cd73/results_20260529T133357Z.json,results/62f632/results_20260529T134151Z.json,classification,sklearnex,cpu,make_classification,,"{""max_features"":0.3,""n_estimators"":64,""random_state"":42}","{""generation_kwargs"":{""n_classes"":2,""n_features"":20,""n_informative"":10,""n_redundant"":0,""n_samples"":10000},""source"":""make_classification"",""split_kwargs"":{""test_size"":0.2}}","{""n_classes"":2,""n_features"":20,""n_informative"":10,""n_redundant"":0,""n_samples"":10000}","{""test_size"":0.2}"
sklearn,sklearnex-cpu,predict,RandomForestClassifier,3.7821533932714,0.5777391386021984,4.554767976514995,1.2042790185660124,False,2026-05-29T13:33:57+00:00,2026-05-29T13:41:51+00:00,results/69cd73/results_20260529T133357Z.json,results/62f632/results_20260529T134151Z.json,classification,sklearnex,cpu,make_classification,,"{""max_depth"":4,""max_features"":0.3,""n_estimators"":64,""random_state"":42}","{""generation_kwargs"":{""n_classes"":2,""n_features"":20,""n_informative"":10,""n_redundant"":0,""n_samples"":10000},""source"":""make_classification"",""split_kwargs"":{""test_size"":0.2}}","{""n_classes"":2,""n_features"":20,""n_informative"":10,""n_redundant"":0,""n_samples"":10000}","{""test_size"":0.2}"
sklearn,sklearnex-cpu,predict,RandomForestClassifier,5.8198568065746015,0.7649122992753977,10.079147992655635,1.7318549798801541,False,2026-05-29T13:33:57+00:00,2026-05-29T13:41:51+00:00,results/69cd73/results_20260529T133357Z.json,results/62f632/results_20260529T134151Z.json,classification,sklearnex,cpu,make_classification,,"{""max_features"":0.3,""max_leaf_nodes"":1000,""n_estimators"":64,""random_state"":42}","{""generation_kwargs"":{""n_classes"":2,""n_features"":20,""n_informative"":10,""n_redundant"":0,""n_samples"":10000},""source"":""make_classification"",""split_kwargs"":{""test_size"":0.2}}","{""n_classes"":2,""n_features"":20,""n_informative"":10,""n_redundant"":0,""n_samples"":10000}","{""test_size"":0.2}"
sklearn,sklearnex-cpu,predict,RandomForestClassifier,2.3210293993567457,0.3656806414888961,3.0903579900041223,1.3314600801095366,False,2026-05-29T13:33:57+00:00,2026-05-29T13:41:51+00:00,results/69cd73/results_20260529T133357Z.json,results/62f632/results_20260529T134151Z.json,classification,sklearnex,cpu,make_classification,,"{""max_features"":0.3,""n_estimators"":64,""random_state"":42}","{""generation_kwargs"":{""n_classes"":2,""n_features"":500,""n_informative"":250,""n_redundant"":0,""n_samples"":1000},""source"":""make_classification"",""split_kwargs"":{""test_size"":0.2}}","{""n_classes"":2,""n_features"":500,""n_informative"":250,""n_redundant"":0,""n_samples"":1000}","{""test_size"":0.2}"
sklearn,sklearnex-cpu,predict,RandomForestClassifier,1.7969769293898956,0.2545425014256239,2.7537199202924967,1.5324180712923408,False,2026-05-29T13:33:57+00:00,2026-05-29T13:41:51+00:00,results/69cd73/results_20260529T133357Z.json,results/62f632/results_20260529T134151Z.json,classification,sklearnex,cpu,make_classification,,"{""max_depth"":4,""max_features"":0.3,""n_estimators"":64,""random_state"":42}","{""generation_kwargs"":{""n_classes"":2,""n_features"":500,""n_informative"":250,""n_redundant"":0,""n_samples"":1000},""source"":""make_classification"",""split_kwargs"":{""test_size"":0.2}}","{""n_classes"":2,""n_features"":500,""n_informative"":250,""n_redundant"":0,""n_samples"":1000}","{""test_size"":0.2}"
sklearn,sklearnex-cpu,predict,RandomForestClassifier,2.4383687316338962,0.3870993805297796,3.2080519013106823,1.3156549539417028,False,2026-05-29T13:33:57+00:00,2026-05-29T13:41:51+00:00,results/69cd73/results_20260529T133357Z.json,results/62f632/results_20260529T134151Z.json,classification,sklearnex,cpu,make_classification,,"{""max_features"":0.3,""max_leaf_nodes"":1000,""n_estimators"":64,""random_state"":42}","{""generation_kwargs"":{""n_classes"":2,""n_features"":500,""n_informative"":250,""n_redundant"":0,""n_samples"":1000},""source"":""make_classification"",""split_kwargs"":{""test_size"":0.2}}","{""n_classes"":2,""n_features"":500,""n_informative"":250,""n_redundant"":0,""n_samples"":1000}","{""test_size"":0.2}"
sklearn,sklearnex-gpu,predict,RandomForestClassifier,16.727726892380844,1.2234369292966907,83.93033209722489,5.017437972128391,False,2026-05-29T13:33:57+00:00,2026-05-29T13:41:51+00:00,results/69cd73/results_20260529T133357Z.json,results/62f632/results_20260529T134151Z.json,classification,sklearnex,gpu,make_classification,,"{""max_features"":0.3,""n_estimators"":64,""random_state"":42}","{""generation_kwargs"":{""n_classes"":2,""n_clusters_per_class"":1,""n_features"":1,""n_informative"":1,""n_redundant"":0,""n_samples"":100000},""source"":""make_classification"",""split_kwargs"":{""test_size"":0.2}}","{""n_classes"":2,""n_clusters_per_class"":1,""n_features"":1,""n_informative"":1,""n_redundant"":0,""n_samples"":100000}","{""test_size"":0.2}"
sklearn,sklearnex-gpu,predict,RandomForestClassifier,11.752793973036638,1.0701411230188445,14.404857996851206,1.225653919391334,False,2026-05-29T13:33:57+00:00,2026-05-29T13:41:51+00:00,results/69cd73/results_20260529T133357Z.json,results/62f632/results_20260529T134151Z.json,classification,sklearnex,gpu,make_classification,,"{""max_depth"":4,""max_features"":0.3,""n_estimators"":64,""random_state"":42}","{""generation_kwargs"":{""n_classes"":2,""n_clusters_per_class"":1,""n_features"":1,""n_informative"":1,""n_redundant"":0,""n_samples"":100000},""source"":""make_classification"",""split_kwargs"":{""test_size"":0.2}}","{""n_classes"":2,""n_clusters_per_class"":1,""n_features"":1,""n_informative"":1,""n_redundant"":0,""n_samples"":100000}","{""test_size"":0.2}"
sklearn,sklearnex-gpu,predict,RandomForestClassifier,16.876998739792825,1.2272952179628995,84.43724410608411,5.003095953725278,False,2026-05-29T13:33:57+00:00,2026-05-29T13:41:51+00:00,results/69cd73/results_20260529T133357Z.json,results/62f632/results_20260529T134151Z.json,classification,sklearnex,gpu,make_classification,,"{""max_features"":0.3,""max_leaf_nodes"":1000,""n_estimators"":64,""random_state"":42}","{""generation_kwargs"":{""n_classes"":2,""n_clusters_per_class"":1,""n_features"":1,""n_informative"":1,""n_redundant"":0,""n_samples"":100000},""source"":""make_classification"",""split_kwargs"":{""test_size"":0.2}}","{""n_classes"":2,""n_clusters_per_class"":1,""n_features"":1,""n_informative"":1,""n_redundant"":0,""n_samples"":100000}","{""test_size"":0.2}"
sklearn,sklearnex-gpu,predict,RandomForestClassifier,6.31988419612785,0.8007091204590571,9.947416023351252,1.5739870723336935,False,2026-05-29T13:33:57+00:00,2026-05-29T13:41:51+00:00,results/69cd73/results_20260529T133357Z.json,results/62f632/results_20260529T134151Z.json,classification,sklearnex,gpu,make_classification,,"{""max_features"":0.3,""n_estimators"":64,""random_state"":42}","{""generation_kwargs"":{""n_classes"":2,""n_features"":20,""n_informative"":10,""n_redundant"":0,""n_samples"":10000},""source"":""make_classification"",""split_kwargs"":{""test_size"":0.2}}","{""n_classes"":2,""n_features"":20,""n_informative"":10,""n_redundant"":0,""n_samples"":10000}","{""test_size"":0.2}"
sklearn,sklearnex-gpu,predict,RandomForestClassifier,3.816983296948972,0.5817202594883275,4.554767976514995,1.1932899942621589,False,2026-05-29T13:33:57+00:00,2026-05-29T13:41:51+00:00,results/69cd73/results_20260529T133357Z.json,results/62f632/results_20260529T134151Z.json,classification,sklearnex,gpu,make_classification,,"{""max_depth"":4,""max_features"":0.3,""n_estimators"":64,""random_state"":42}","{""generation_kwargs"":{""n_classes"":2,""n_features"":20,""n_informative"":10,""n_redundant"":0,""n_samples"":10000},""source"":""make_classification"",""split_kwargs"":{""test_size"":0.2}}","{""n_classes"":2,""n_features"":20,""n_informative"":10,""n_redundant"":0,""n_samples"":10000}","{""test_size"":0.2}"
sklearn,sklearnex-gpu,predict,RandomForestClassifier,6.572789016283476,0.8177496918369677,10.079147992655635,1.533465925604105,False,2026-05-29T13:33:57+00:00,2026-05-29T13:41:51+00:00,results/69cd73/results_20260529T133357Z.json,results/62f632/results_20260529T134151Z.json,classification,sklearnex,gpu,make_classification,,"{""max_features"":0.3,""max_leaf_nodes"":1000,""n_estimators"":64,""random_state"":42}","{""generation_kwargs"":{""n_classes"":2,""n_features"":20,""n_informative"":10,""n_redundant"":0,""n_samples"":10000},""source"":""make_classification"",""split_kwargs"":{""test_size"":0.2}}","{""n_classes"":2,""n_features"":20,""n_informative"":10,""n_redundant"":0,""n_samples"":10000}","{""test_size"":0.2}"
sklearn,sklearnex-gpu,predict,RandomForestClassifier,1.7977555460368038,0.2547306372164622,3.0903579900041223,1.7190090147778392,False,2026-05-29T13:33:57+00:00,2026-05-29T13:41:51+00:00,results/69cd73/results_20260529T133357Z.json,results/62f632/results_20260529T134151Z.json,classification,sklearnex,gpu,make_classification,,"{""max_features"":0.3,""n_estimators"":64,""random_state"":42}","{""generation_kwargs"":{""n_classes"":2,""n_features"":500,""n_informative"":250,""n_redundant"":0,""n_samples"":1000},""source"":""make_classification"",""split_kwargs"":{""test_size"":0.2}}","{""n_classes"":2,""n_features"":500,""n_informative"":250,""n_redundant"":0,""n_samples"":1000}","{""test_size"":0.2}"
sklearn,sklearnex-gpu,predict,RandomForestClassifier,1.6561806315230523,0.21910770140757724,2.7537199202924967,1.6626929864287376,False,2026-05-29T13:33:57+00:00,2026-05-29T13:41:51+00:00,results/69cd73/results_20260529T133357Z.json,results/62f632/results_20260529T134151Z.json,classification,sklearnex,gpu,make_classification,,"{""max_depth"":4,""max_features"":0.3,""n_estimators"":64,""random_state"":42}","{""generation_kwargs"":{""n_classes"":2,""n_features"":500,""n_informative"":250,""n_redundant"":0,""n_samples"":1000},""source"":""make_classification"",""split_kwargs"":{""test_size"":0.2}}","{""n_classes"":2,""n_features"":500,""n_informative"":250,""n_redundant"":0,""n_samples"":1000}","{""test_size"":0.2}"
sklearn,sklearnex-gpu,predict,RandomForestClassifier,1.8730699929249133,0.27255400640519306,3.2080519013106823,1.7127239843830466,False,2026-05-29T13:33:57+00:00,2026-05-29T13:41:51+00:00,results/69cd73/results_20260529T133357Z.json,results/62f632/results_20260529T134151Z.json,classification,sklearnex,gpu,make_classification,,"{""max_features"":0.3,""max_leaf_nodes"":1000,""n_estimators"":64,""random_state"":42}","{""generation_kwargs"":{""n_classes"":2,""n_features"":500,""n_informative"":250,""n_redundant"":0,""n_samples"":1000},""source"":""make_classification"",""split_kwargs"":{""test_size"":0.2}}","{""n_classes"":2,""n_features"":500,""n_informative"":250,""n_redundant"":0,""n_samples"":1000}","{""test_size"":0.2}"
sklearn,sklearnex-cpu,predict,RandomForestRegressor,45.67100685408614,1.6596405860837613,218.8162769889459,4.791141953319311,False,2026-05-29T13:33:57+00:00,2026-05-29T13:41:51+00:00,results/69cd73/results_20260529T133357Z.json,results/62f632/results_20260529T134151Z.json,regression,sklearnex,cpu,make_regression,,"{""max_features"":0.3,""n_estimators"":64,""random_state"":42}","{""generation_kwargs"":{""n_features"":1,""n_informative"":1,""n_samples"":100000},""source"":""make_regression"",""split_kwargs"":{""test_size"":0.2}}","{""n_features"":1,""n_informative"":1,""n_samples"":100000}","{""test_size"":0.2}"
sklearn,sklearnex-cpu,predict,RandomForestRegressor,16.10522326031967,1.206966749649519,28.94997608382255,1.7975519876927137,False,2026-05-29T13:33:57+00:00,2026-05-29T13:41:51+00:00,results/69cd73/results_20260529T133357Z.json,results/62f632/results_20260529T134151Z.json,regression,sklearnex,cpu,make_regression,,"{""max_depth"":4,""max_features"":0.3,""n_estimators"":64,""random_state"":42}","{""generation_kwargs"":{""n_features"":1,""n_informative"":1,""n_samples"":100000},""source"":""make_regression"",""split_kwargs"":{""test_size"":0.2}}","{""n_features"":1,""n_informative"":1,""n_samples"":100000}","{""test_size"":0.2}"
sklearn,sklearnex-cpu,predict,RandomForestRegressor,18.796142257294758,1.274068723290919,89.56474403385073,4.765059915371239,False,2026-05-29T13:33:57+00:00,2026-05-29T13:41:51+00:00,results/69cd73/results_20260529T133357Z.json,results/62f632/results_20260529T134151Z.json,regression,sklearnex,cpu,make_regression,,"{""max_features"":0.3,""max_leaf_nodes"":1000,""n_estimators"":64,""random_state"":42}","{""generation_kwargs"":{""n_features"":1,""n_informative"":1,""n_samples"":100000},""source"":""make_regression"",""split_kwargs"":{""test_size"":0.2}}","{""n_features"":1,""n_informative"":1,""n_samples"":100000}","{""test_size"":0.2}"
sklearn,sklearnex-cpu,predict,RandomForestRegressor,6.332490592437153,0.8015745532741658,18.675907980650663,2.9492200119420886,False,2026-05-29T13:33:57+00:00,2026-05-29T13:41:51+00:00,results/69cd73/results_20260529T133357Z.json,results/62f632/results_20260529T134151Z.json,regression,sklearnex,cpu,make_regression,,"{""max_features"":0.3,""n_estimators"":64,""random_state"":42}","{""generation_kwargs"":{""n_features"":20,""n_informative"":10,""n_samples"":10000},""source"":""make_regression"",""split_kwargs"":{""test_size"":0.2}}","{""n_features"":20,""n_informative"":10,""n_samples"":10000}","{""test_size"":0.2}"
sklearn,sklearnex-cpu,predict,RandomForestRegressor,5.996501521715335,0.7778979482264423,4.948979010805488,0.8253110572695732,False,2026-05-29T13:33:57+00:00,2026-05-29T13:41:51+00:00,results/69cd73/results_20260529T133357Z.json,results/62f632/results_20260529T134151Z.json,regression,sklearnex,cpu,make_regression,,"{""max_depth"":4,""max_features"":0.3,""n_estimators"":64,""random_state"":42}","{""generation_kwargs"":{""n_features"":20,""n_informative"":10,""n_samples"":10000},""source"":""make_regression"",""split_kwargs"":{""test_size"":0.2}}","{""n_features"":20,""n_informative"":10,""n_samples"":10000}","{""test_size"":0.2}"
sklearn,sklearnex-cpu,predict,RandomForestRegressor,6.525065514857918,0.814584876561803,11.78763504140079,1.8065159674733877,False,2026-05-29T13:33:57+00:00,2026-05-29T13:41:51+00:00,results/69cd73/results_20260529T133357Z.json,results/62f632/results_20260529T134151Z.json,regression,sklearnex,cpu,make_regression,,"{""max_features"":0.3,""max_leaf_nodes"":1000,""n_estimators"":64,""random_state"":42}","{""generation_kwargs"":{""n_features"":20,""n_informative"":10,""n_samples"":10000},""source"":""make_regression"",""split_kwargs"":{""test_size"":0.2}}","{""n_features"":20,""n_informative"":10,""n_samples"":10000}","{""test_size"":0.2}"
sklearn,sklearnex-cpu,predict,RandomForestRegressor,2.61093591785273,0.4167962127404175,3.6708819679915905,1.4059640234336257,False,2026-05-29T13:33:57+00:00,2026-05-29T13:41:51+00:00,results/69cd73/results_20260529T133357Z.json,results/62f632/results_20260529T134151Z.json,regression,sklearnex,cpu,make_regression,,"{""max_features"":0.3,""n_estimators"":64,""random_state"":42}","{""generation_kwargs"":{""n_features"":500,""n_informative"":250,""n_samples"":1000},""source"":""make_regression"",""split_kwargs"":{""test_size"":0.2}}","{""n_features"":500,""n_informative"":250,""n_samples"":1000}","{""test_size"":0.2}"
sklearn,sklearnex-cpu,predict,RandomForestRegressor,2.3059450278612763,0.36284894980123233,2.811775077134371,1.219359110109508,False,2026-05-29T13:33:57+00:00,2026-05-29T13:41:51+00:00,results/69cd73/results_20260529T133357Z.json,results/62f632/results_20260529T134151Z.json,regression,sklearnex,cpu,make_regression,,"{""max_depth"":4,""max_features"":0.3,""n_estimators"":64,""random_state"":42}","{""generation_kwargs"":{""n_features"":500,""n_informative"":250,""n_samples"":1000},""source"":""make_regression"",""split_kwargs"":{""test_size"":0.2}}","{""n_features"":500,""n_informative"":250,""n_samples"":1000}","{""test_size"":0.2}"
sklearn,sklearnex-cpu,predict,RandomForestRegressor,2.4472323065542683,0.3886751972496024,3.6807500291615725,1.5040460275486112,False,2026-05-29T13:33:57+00:00,2026-05-29T13:41:51+00:00,results/69cd73/results_20260529T133357Z.json,results/62f632/results_20260529T134151Z.json,regression,sklearnex,cpu,make_regression,,"{""max_features"":0.3,""max_leaf_nodes"":1000,""n_estimators"":64,""random_state"":42}","{""generation_kwargs"":{""n_features"":500,""n_informative"":250,""n_samples"":1000},""source"":""make_regression"",""split_kwargs"":{""test_size"":0.2}}","{""n_features"":500,""n_informative"":250,""n_samples"":1000}","{""test_size"":0.2}"
sklearn,sklearnex-gpu,predict,RandomForestRegressor,158.3211366435305,2.1995388991634814,218.8162769889459,1.3821040047332644,False,2026-05-29T13:33:57+00:00,2026-05-29T13:41:51+00:00,results/69cd73/results_20260529T133357Z.json,results/62f632/results_20260529T134151Z.json,regression,sklearnex,gpu,make_regression,,"{""max_features"":0.3,""n_estimators"":64,""random_state"":42}","{""generation_kwargs"":{""n_features"":1,""n_informative"":1,""n_samples"":100000},""source"":""make_regression"",""split_kwargs"":{""test_size"":0.2}}","{""n_features"":1,""n_informative"":1,""n_samples"":100000}","{""test_size"":0.2}"
sklearn,sklearnex-gpu,predict,RandomForestRegressor,27.5137828143081,1.439550304764037,28.94997608382255,1.0521990479901433,False,2026-05-29T13:33:57+00:00,2026-05-29T13:41:51+00:00,results/69cd73/results_20260529T133357Z.json,results/62f632/results_20260529T134151Z.json,regression,sklearnex,gpu,make_regression,,"{""max_depth"":4,""max_features"":0.3,""n_estimators"":64,""random_state"":42}","{""generation_kwargs"":{""n_features"":1,""n_informative"":1,""n_samples"":100000},""source"":""make_regression"",""split_kwargs"":{""test_size"":0.2}}","{""n_features"":1,""n_informative"":1,""n_samples"":100000}","{""test_size"":0.2}"
sklearn,sklearnex-gpu,predict,RandomForestRegressor,64.89272450737622,1.8121960083039232,89.56474403385073,1.3801970053464174,False,2026-05-29T13:33:57+00:00,2026-05-29T13:41:51+00:00,results/69cd73/results_20260529T133357Z.json,results/62f632/results_20260529T134151Z.json,regression,sklearnex,gpu,make_regression,,"{""max_features"":0.3,""max_leaf_nodes"":1000,""n_estimators"":64,""random_state"":42}","{""generation_kwargs"":{""n_features"":1,""n_informative"":1,""n_samples"":100000},""source"":""make_regression"",""split_kwargs"":{""test_size"":0.2}}","{""n_features"":1,""n_informative"":1,""n_samples"":100000}","{""test_size"":0.2}"
sklearn,sklearnex-gpu,predict,RandomForestRegressor,6.2236555105121605,0.7940455457386792,18.675907980650663,3.000793978571892,False,2026-05-29T13:33:57+00:00,2026-05-29T13:41:51+00:00,results/69cd73/results_20260529T133357Z.json,results/62f632/results_20260529T134151Z.json,regression,sklearnex,gpu,make_regression,,"{""max_features"":0.3,""n_estimators"":64,""random_state"":42}","{""generation_kwargs"":{""n_features"":20,""n_informative"":10,""n_samples"":10000},""source"":""make_regression"",""split_kwargs"":{""test_size"":0.2}}","{""n_features"":20,""n_informative"":10,""n_samples"":10000}","{""test_size"":0.2}"
sklearn,sklearnex-gpu,predict,RandomForestRegressor,4.251981641968781,0.6285913807786184,4.948979010805488,1.1639229487627745,False,2026-05-29T13:33:57+00:00,2026-05-29T13:41:51+00:00,results/69cd73/results_20260529T133357Z.json,results/62f632/results_20260529T134151Z.json,regression,sklearnex,gpu,make_regression,,"{""max_depth"":4,""max_features"":0.3,""n_estimators"":64,""random_state"":42}","{""generation_kwargs"":{""n_features"":20,""n_informative"":10,""n_samples"":10000},""source"":""make_regression"",""split_kwargs"":{""test_size"":0.2}}","{""n_features"":20,""n_informative"":10,""n_samples"":10000}","{""test_size"":0.2}"
sklearn,sklearnex-gpu,predict,RandomForestRegressor,3.9516346215050304,0.596776781765789,11.78763504140079,2.982976962812245,False,2026-05-29T13:33:57+00:00,2026-05-29T13:41:51+00:00,results/69cd73/results_20260529T133357Z.json,results/62f632/results_20260529T134151Z.json,regression,sklearnex,gpu,make_regression,,"{""max_features"":0.3,""max_leaf_nodes"":1000,""n_estimators"":64,""random_state"":42}","{""generation_kwargs"":{""n_features"":20,""n_informative"":10,""n_samples"":10000},""source"":""make_regression"",""split_kwargs"":{""test_size"":0.2}}","{""n_features"":20,""n_informative"":10,""n_samples"":10000}","{""test_size"":0.2}"
sklearn,sklearnex-gpu,predict,RandomForestRegressor,2.0070234219084604,0.3025524407217886,3.6708819679915905,1.8290180014446378,False,2026-05-29T13:33:57+00:00,2026-05-29T13:41:51+00:00,results/69cd73/results_20260529T133357Z.json,results/62f632/results_20260529T134151Z.json,regression,sklearnex,gpu,make_regression,,"{""max_features"":0.3,""n_estimators"":64,""random_state"":42}","{""generation_kwargs"":{""n_features"":500,""n_informative"":250,""n_samples"":1000},""source"":""make_regression"",""split_kwargs"":{""test_size"":0.2}}","{""n_features"":500,""n_informative"":250,""n_samples"":1000}","{""test_size"":0.2}"
sklearn,sklearnex-gpu,predict,RandomForestRegressor,1.709987330655036,0.23299289270385545,2.811775077134371,1.6443250933662057,False,2026-05-29T13:33:57+00:00,2026-05-29T13:41:51+00:00,results/69cd73/results_20260529T133357Z.json,results/62f632/results_20260529T134151Z.json,regression,sklearnex,gpu,make_regression,,"{""max_depth"":4,""max_features"":0.3,""n_estimators"":64,""random_state"":42}","{""generation_kwargs"":{""n_features"":500,""n_informative"":250,""n_samples"":1000},""source"":""make_regression"",""split_kwargs"":{""test_size"":0.2}}","{""n_features"":500,""n_informative"":250,""n_samples"":1000}","{""test_size"":0.2}"
sklearn,sklearnex-gpu,predict,RandomForestRegressor,1.9408284728322764,0.28798715486588033,3.6807500291615725,1.8964839400723577,False,2026-05-29T13:33:57+00:00,2026-05-29T13:41:51+00:00,results/69cd73/results_20260529T133357Z.json,results/62f632/results_20260529T134151Z.json,regression,sklearnex,gpu,make_regression,,"{""max_features"":0.3,""max_leaf_nodes"":1000,""n_estimators"":64,""random_state"":42}","{""generation_kwargs"":{""n_features"":500,""n_informative"":250,""n_samples"":1000},""source"":""make_regression"",""split_kwargs"":{""test_size"":0.2}}","{""n_features"":500,""n_informative"":250,""n_samples"":1000}","{""test_size"":0.2}"
sklearn,sklearn-dpnp-gpu,predict,Ridge,2.4751563132377523,0.3936026310808852,1.820484991185367,0.7355030393227935,False,2026-05-29T13:33:57+00:00,2026-05-29T12:18:43+00:00,results/69cd73/results_20260529T133357Z.json,results/27bc44/results_20260529T121843Z.json,regression,sklearn,gpu,make_regression,dpnp,"{""solver"":""svd""}","{""format"":""dpnp"",""generation_kwargs"":{""n_features"":2,""n_informative"":2,""n_samples"":10000000},""source"":""make_regression"",""split_kwargs"":{""test_size"":0.2}}","{""n_features"":2,""n_informative"":2,""n_samples"":10000000}","{""test_size"":0.2}"
sklearn,sklearn-dpnp-gpu,predict,Ridge,1.3600820975361139,0.1335651241281575,1.137958955951035,0.836684019304812,False,2026-05-29T13:33:57+00:00,2026-05-29T12:18:43+00:00,results/69cd73/results_20260529T133357Z.json,results/27bc44/results_20260529T121843Z.json,regression,sklearn,gpu,make_regression,dpnp,"{""solver"":""svd""}","{""format"":""dpnp"",""generation_kwargs"":{""n_features"":20,""n_informative"":5,""n_samples"":1000000},""source"":""make_regression"",""split_kwargs"":{""test_size"":0.2}}","{""n_features"":20,""n_informative"":5,""n_samples"":1000000}","{""test_size"":0.2}"
sklearn,sklearn-dpnp-gpu,predict,Ridge,1.9746946704378723,0.2954999540409218,1.20517797768116,0.6103110499680042,False,2026-05-29T13:33:57+00:00,2026-05-29T12:18:43+00:00,results/69cd73/results_20260529T133357Z.json,results/27bc44/results_20260529T121843Z.json,regression,sklearn,gpu,make_regression,dpnp,"{""solver"":""svd""}","{""format"":""dpnp"",""generation_kwargs"":{""n_features"":200,""n_informative"":40,""n_samples"":100000},""source"":""make_regression"",""split_kwargs"":{""test_size"":0.2}}","{""n_features"":200,""n_informative"":40,""n_samples"":100000}","{""test_size"":0.2}"
sklearn,sklearn-dpnp-gpu,predict,Ridge,9.202588199696205,0.9639099885156406,5.827824934385717,0.6332810735329986,False,2026-05-29T13:33:57+00:00,2026-05-29T12:18:43+00:00,results/69cd73/results_20260529T133357Z.json,results/27bc44/results_20260529T121843Z.json,regression,sklearn,gpu,make_regression,dpnp,"{""solver"":""svd""}","{""format"":""dpnp"",""generation_kwargs"":{""n_features"":2000,""n_informative"":100,""n_samples"":10000},""source"":""make_regression"",""split_kwargs"":{""test_size"":0.2}}","{""n_features"":2000,""n_informative"":100,""n_samples"":10000}","{""test_size"":0.2}"
sklearn,sklearn-torch-xpu,predict,Ridge,2.4719163340290637,0.3930337672725981,1.820484991185367,0.7364670746028423,False,2026-05-29T13:33:57+00:00,2026-05-29T12:18:43+00:00,results/69cd73/results_20260529T133357Z.json,results/27bc44/results_20260529T121843Z.json,regression,sklearn,xpu,make_regression,torch,"{""solver"":""svd""}","{""format"":""torch"",""generation_kwargs"":{""n_features"":2,""n_informative"":2,""n_samples"":10000000},""source"":""make_regression"",""split_kwargs"":{""test_size"":0.2}}","{""n_features"":2,""n_informative"":2,""n_samples"":10000000}","{""test_size"":0.2}"
sklearn,sklearn-torch-xpu,predict,Ridge,2.7546279896893706,0.4400629560248138,1.137958955951035,0.4131080349907279,False,2026-05-29T13:33:57+00:00,2026-05-29T12:18:43+00:00,results/69cd73/results_20260529T133357Z.json,results/27bc44/results_20260529T121843Z.json,regression,sklearn,xpu,make_regression,torch,"{""solver"":""svd""}","{""format"":""torch"",""generation_kwargs"":{""n_features"":20,""n_informative"":5,""n_samples"":1000000},""source"":""make_regression"",""split_kwargs"":{""test_size"":0.2}}","{""n_features"":20,""n_informative"":5,""n_samples"":1000000}","{""test_size"":0.2}"
sklearn,sklearn-torch-xpu,predict,Ridge,3.2354728133274326,0.5099377549319916,1.20517797768116,0.37248898297548294,False,2026-05-29T13:33:57+00:00,2026-05-29T12:18:43+00:00,results/69cd73/results_20260529T133357Z.json,results/27bc44/results_20260529T121843Z.json,regression,sklearn,xpu,make_regression,torch,"{""solver"":""svd""}","{""format"":""torch"",""generation_kwargs"":{""n_features"":200,""n_informative"":40,""n_samples"":100000},""source"":""make_regression"",""split_kwargs"":{""test_size"":0.2}}","{""n_features"":200,""n_informative"":40,""n_samples"":100000}","{""test_size"":0.2}"
sklearn,sklearn-torch-xpu,predict,Ridge,15.18881097027236,1.1815237772030551,5.827824934385717,0.38369197864085436,False,2026-05-29T13:33:57+00:00,2026-05-29T12:18:43+00:00,results/69cd73/results_20260529T133357Z.json,results/27bc44/results_20260529T121843Z.json,regression,sklearn,xpu,make_regression,torch,"{""solver"":""svd""}","{""format"":""torch"",""generation_kwargs"":{""n_features"":2000,""n_informative"":100,""n_samples"":10000},""source"":""make_regression"",""split_kwargs"":{""test_size"":0.2}}","{""n_features"":2000,""n_informative"":100,""n_samples"":10000}","{""test_size"":0.2}"
sklearn,sklearnex-cpu,predict,Ridge,0.9050728889669869,-0.04331644399760349,1.7904459964483976,1.9782340386882424,False,2026-05-29T13:33:57+00:00,2026-05-29T13:41:51+00:00,results/69cd73/results_20260529T133357Z.json,results/62f632/results_20260529T134151Z.json,regression,sklearnex,cpu,make_regression,,{},"{""generation_kwargs"":{""n_features"":2,""n_informative"":2,""n_samples"":10000000},""source"":""make_regression"",""split_kwargs"":{""test_size"":0.2}}","{""n_features"":2,""n_informative"":2,""n_samples"":10000000}","{""test_size"":0.2}"
sklearn,sklearnex-cpu,predict,Ridge,1.0184243476862327,0.007928773539725795,1.1293379357084632,1.1089070467278361,False,2026-05-29T13:33:57+00:00,2026-05-29T13:41:51+00:00,results/69cd73/results_20260529T133357Z.json,results/62f632/results_20260529T134151Z.json,regression,sklearnex,cpu,make_regression,,{},"{""generation_kwargs"":{""n_features"":20,""n_informative"":5,""n_samples"":1000000},""source"":""make_regression"",""split_kwargs"":{""test_size"":0.2}}","{""n_features"":20,""n_informative"":5,""n_samples"":1000000}","{""test_size"":0.2}"
sklearn,sklearnex-cpu,predict,Ridge,1.0659823149722456,0.027749999649580765,1.304062083363533,1.2233430752530694,False,2026-05-29T13:33:57+00:00,2026-05-29T13:41:51+00:00,results/69cd73/results_20260529T133357Z.json,results/62f632/results_20260529T134151Z.json,regression,sklearnex,cpu,make_regression,,{},"{""generation_kwargs"":{""n_features"":200,""n_informative"":40,""n_samples"":100000},""source"":""make_regression"",""split_kwargs"":{""test_size"":0.2}}","{""n_features"":200,""n_informative"":40,""n_samples"":100000}","{""test_size"":0.2}"
sklearn,sklearnex-cpu,predict,Ridge,0.92280335070779,-0.034890837220664835,3.6130270455032587,3.9152730023488402,False,2026-05-29T13:33:57+00:00,2026-05-29T13:41:51+00:00,results/69cd73/results_20260529T133357Z.json,results/62f632/results_20260529T134151Z.json,regression,sklearnex,cpu,make_regression,,{},"{""generation_kwargs"":{""n_features"":2000,""n_informative"":100,""n_samples"":10000},""source"":""make_regression"",""split_kwargs"":{""test_size"":0.2}}","{""n_features"":2000,""n_informative"":100,""n_samples"":10000}","{""test_size"":0.2}"
sklearn,sklearnex-cpu,predict,Ridge,0.8820358814669351,-0.05451374728753933,1.820484991185367,2.0639579743146896,False,2026-05-29T13:33:57+00:00,2026-05-29T13:41:51+00:00,results/69cd73/results_20260529T133357Z.json,results/62f632/results_20260529T134151Z.json,regression,sklearnex,cpu,make_regression,,"{""solver"":""svd""}","{""generation_kwargs"":{""n_features"":2,""n_informative"":2,""n_samples"":10000000},""source"":""make_regression"",""split_kwargs"":{""test_size"":0.2}}","{""n_features"":2,""n_informative"":2,""n_samples"":10000000}","{""test_size"":0.2}"
sklearn,sklearnex-cpu,predict,Ridge,0.8227591244893945,-0.08472729263319909,1.137958955951035,1.3831009855493903,False,2026-05-29T13:33:57+00:00,2026-05-29T13:41:51+00:00,results/69cd73/results_20260529T133357Z.json,results/62f632/results_20260529T134151Z.json,regression,sklearnex,cpu,make_regression,,"{""solver"":""svd""}","{""generation_kwargs"":{""n_features"":20,""n_informative"":5,""n_samples"":1000000},""source"":""make_regression"",""split_kwargs"":{""test_size"":0.2}}","{""n_features"":20,""n_informative"":5,""n_samples"":1000000}","{""test_size"":0.2}"
sklearn,sklearnex-cpu,predict,Ridge,0.5753545571605616,-0.24006444267817512,1.20517797768116,2.0946700824424624,False,2026-05-29T13:33:57+00:00,2026-05-29T13:41:51+00:00,results/69cd73/results_20260529T133357Z.json,results/62f632/results_20260529T134151Z.json,regression,sklearnex,cpu,make_regression,,"{""solver"":""svd""}","{""generation_kwargs"":{""n_features"":200,""n_informative"":40,""n_samples"":100000},""source"":""make_regression"",""split_kwargs"":{""test_size"":0.2}}","{""n_features"":200,""n_informative"":40,""n_samples"":100000}","{""test_size"":0.2}"
sklearn,sklearnex-cpu,predict,Ridge,0.9476105770473912,-0.023370100410563647,5.827824934385717,6.15002098493278,False,2026-05-29T13:33:57+00:00,2026-05-29T13:41:51+00:00,results/69cd73/results_20260529T133357Z.json,results/62f632/results_20260529T134151Z.json,regression,sklearnex,cpu,make_regression,,"{""solver"":""svd""}","{""generation_kwargs"":{""n_features"":2000,""n_informative"":100,""n_samples"":10000},""source"":""make_regression"",""split_kwargs"":{""test_size"":0.2}}","{""n_features"":2000,""n_informative"":100,""n_samples"":10000}","{""test_size"":0.2}"
sklearn,sklearnex-gpu,predict,Ridge,0.038176572980397325,-1.418203059769041,1.7904459964483976,46.89907596912235,False,2026-05-29T13:33:57+00:00,2026-05-29T13:41:51+00:00,results/69cd73/results_20260529T133357Z.json,results/62f632/results_20260529T134151Z.json,regression,sklearnex,gpu,make_regression,,{},"{""generation_kwargs"":{""n_features"":2,""n_informative"":2,""n_samples"":10000000},""source"":""make_regression"",""split_kwargs"":{""test_size"":0.2}}","{""n_features"":2,""n_informative"":2,""n_samples"":10000000}","{""test_size"":0.2}"
sklearn,sklearnex-gpu,predict,Ridge,0.14142419211815177,-0.8494762934758746,1.1293379357084632,7.985464995726943,False,2026-05-29T13:33:57+00:00,2026-05-29T13:41:51+00:00,results/69cd73/results_20260529T133357Z.json,results/62f632/results_20260529T134151Z.json,regression,sklearnex,gpu,make_regression,,{},"{""generation_kwargs"":{""n_features"":20,""n_informative"":5,""n_samples"":1000000},""source"":""make_regression"",""split_kwargs"":{""test_size"":0.2}}","{""n_features"":20,""n_informative"":5,""n_samples"":1000000}","{""test_size"":0.2}"
sklearn,sklearnex-gpu,predict,Ridge,0.17877887149911909,-0.7476838084346317,1.304062083363533,7.29427405167371,False,2026-05-29T13:33:57+00:00,2026-05-29T13:41:51+00:00,results/69cd73/results_20260529T133357Z.json,results/62f632/results_20260529T134151Z.json,regression,sklearnex,gpu,make_regression,,{},"{""generation_kwargs"":{""n_features"":200,""n_informative"":40,""n_samples"":100000},""source"":""make_regression"",""split_kwargs"":{""test_size"":0.2}}","{""n_features"":200,""n_informative"":40,""n_samples"":100000}","{""test_size"":0.2}"
sklearn,sklearnex-gpu,predict,Ridge,0.3348072952701369,-0.47520508753347745,3.6130270455032587,10.791362961754203,False,2026-05-29T13:33:57+00:00,2026-05-29T13:41:51+00:00,results/69cd73/results_20260529T133357Z.json,results/62f632/results_20260529T134151Z.json,regression,sklearnex,gpu,make_regression,,{},"{""generation_kwargs"":{""n_features"":2000,""n_informative"":100,""n_samples"":10000},""source"":""make_regression"",""split_kwargs"":{""test_size"":0.2}}","{""n_features"":2000,""n_informative"":100,""n_samples"":10000}","{""test_size"":0.2}"
sklearn,sklearnex-gpu,predict,Ridge,0.8533456710782453,-0.06887501029554788,1.820484991185367,2.133350004442036,False,2026-05-29T13:33:57+00:00,2026-05-29T13:41:51+00:00,results/69cd73/results_20260529T133357Z.json,results/62f632/results_20260529T134151Z.json,regression,sklearnex,gpu,make_regression,,"{""solver"":""svd""}","{""generation_kwargs"":{""n_features"":2,""n_informative"":2,""n_samples"":10000000},""source"":""make_regression"",""split_kwargs"":{""test_size"":0.2}}","{""n_features"":2,""n_informative"":2,""n_samples"":10000000}","{""test_size"":0.2}"
sklearn,sklearnex-gpu,predict,Ridge,0.7135491808376541,-0.14657608809899603,1.137958955951035,1.594786997884512,False,2026-05-29T13:33:57+00:00,2026-05-29T13:41:51+00:00,results/69cd73/results_20260529T133357Z.json,results/62f632/results_20260529T134151Z.json,regression,sklearnex,gpu,make_regression,,"{""solver"":""svd""}","{""generation_kwargs"":{""n_features"":20,""n_informative"":5,""n_samples"":1000000},""source"":""make_regression"",""split_kwargs"":{""test_size"":0.2}}","{""n_features"":20,""n_informative"":5,""n_samples"":1000000}","{""test_size"":0.2}"
sklearn,sklearnex-gpu,predict,Ridge,0.5222563042279685,-0.28211630888734823,1.20517797768116,2.307637012563646,False,2026-05-29T13:33:57+00:00,2026-05-29T13:41:51+00:00,results/69cd73/results_20260529T133357Z.json,results/62f632/results_20260529T134151Z.json,regression,sklearnex,gpu,make_regression,,"{""solver"":""svd""}","{""generation_kwargs"":{""n_features"":200,""n_informative"":40,""n_samples"":100000},""source"":""make_regression"",""split_kwargs"":{""test_size"":0.2}}","{""n_features"":200,""n_informative"":40,""n_samples"":100000}","{""test_size"":0.2}"
sklearn,sklearnex-gpu,predict,Ridge,0.9106048908212045,-0.04067002144386567,5.827824934385717,6.3999490812420845,False,2026-05-29T13:33:57+00:00,2026-05-29T13:41:51+00:00,results/69cd73/results_20260529T133357Z.json,results/62f632/results_20260529T134151Z.json,regression,sklearnex,gpu,make_regression,,"{""solver"":""svd""}","{""generation_kwargs"":{""n_features"":2000,""n_informative"":100,""n_samples"":10000},""source"":""make_regression"",""split_kwargs"":{""test_size"":0.2}}","{""n_features"":2000,""n_informative"":100,""n_samples"":10000}","{""test_size"":0.2}"
sklearn,sklearn-dpnp-gpu,predict,RidgeClassifier,1.8012479351926303,0.25557349598167883,4.24794596619904,2.3583349538967013,False,2026-05-29T13:33:57+00:00,2026-05-29T12:18:43+00:00,results/69cd73/results_20260529T133357Z.json,results/27bc44/results_20260529T121843Z.json,classification,sklearn,gpu,make_classification,dpnp,"{""solver"":""svd""}","{""format"":""dpnp"",""generation_kwargs"":{""n_classes"":2,""n_features"":2,""n_informative"":2,""n_redundant"":0,""n_samples"":10000000},""source"":""make_classification"",""split_kwargs"":{""test_size"":0.2}}","{""n_classes"":2,""n_features"":2,""n_informative"":2,""n_redundant"":0,""n_samples"":10000000}","{""test_size"":0.2}"
sklearn,sklearn-dpnp-gpu,predict,RidgeClassifier,1.0405770807706343,0.017274256112718402,1.4320879708975554,1.376244006678462,False,2026-05-29T13:33:57+00:00,2026-05-29T12:18:43+00:00,results/69cd73/results_20260529T133357Z.json,results/27bc44/results_20260529T121843Z.json,classification,sklearn,gpu,make_classification,dpnp,"{""solver"":""svd""}","{""format"":""dpnp"",""generation_kwargs"":{""n_classes"":2,""n_features"":20,""n_informative"":5,""n_redundant"":0,""n_samples"":1000000},""source"":""make_classification"",""split_kwargs"":{""test_size"":0.2}}","{""n_classes"":2,""n_features"":20,""n_informative"":5,""n_redundant"":0,""n_samples"":1000000}","{""test_size"":0.2}"
sklearn,sklearn-dpnp-gpu,predict,RidgeClassifier,0.9142302277918501,-0.03894442344684958,1.3734919484704733,1.5023479936644435,False,2026-05-29T13:33:57+00:00,2026-05-29T12:18:43+00:00,results/69cd73/results_20260529T133357Z.json,results/27bc44/results_20260529T121843Z.json,classification,sklearn,gpu,make_classification,dpnp,"{""solver"":""svd""}","{""format"":""dpnp"",""generation_kwargs"":{""n_classes"":2,""n_features"":200,""n_informative"":40,""n_redundant"":0,""n_samples"":100000},""source"":""make_classification"",""split_kwargs"":{""test_size"":0.2}}","{""n_classes"":2,""n_features"":200,""n_informative"":40,""n_redundant"":0,""n_samples"":100000}","{""test_size"":0.2}"
sklearn,sklearn-dpnp-gpu,predict,RidgeClassifier,3.7815888659473567,0.5776743106126218,5.651712999679148,1.494533964432776,False,2026-05-29T13:33:57+00:00,2026-05-29T12:18:43+00:00,results/69cd73/results_20260529T133357Z.json,results/27bc44/results_20260529T121843Z.json,classification,sklearn,gpu,make_classification,dpnp,"{""solver"":""svd""}","{""format"":""dpnp"",""generation_kwargs"":{""n_classes"":2,""n_features"":2000,""n_informative"":100,""n_redundant"":0,""n_samples"":10000},""source"":""make_classification"",""split_kwargs"":{""test_size"":0.2}}","{""n_classes"":2,""n_features"":2000,""n_informative"":100,""n_redundant"":0,""n_samples"":10000}","{""test_size"":0.2}"
sklearn,sklearn-torch-xpu,predict,RidgeClassifier,3.5358152478829923,0.5484895643384471,4.24794596619904,1.201404957100749,False,2026-05-29T13:33:57+00:00,2026-05-29T12:18:43+00:00,results/69cd73/results_20260529T133357Z.json,results/27bc44/results_20260529T121843Z.json,classification,sklearn,xpu,make_classification,torch,"{""solver"":""svd""}","{""format"":""torch"",""generation_kwargs"":{""n_classes"":2,""n_features"":2,""n_informative"":2,""n_redundant"":0,""n_samples"":10000000},""source"":""make_classification"",""split_kwargs"":{""test_size"":0.2}}","{""n_classes"":2,""n_features"":2,""n_informative"":2,""n_redundant"":0,""n_samples"":10000000}","{""test_size"":0.2}"
sklearn,sklearn-torch-xpu,predict,RidgeClassifier,2.012060051973338,0.30364093853669727,1.4320879708975554,0.7117521017789841,False,2026-05-29T13:33:57+00:00,2026-05-29T12:18:43+00:00,results/69cd73/results_20260529T133357Z.json,results/27bc44/results_20260529T121843Z.json,classification,sklearn,xpu,make_classification,torch,"{""solver"":""svd""}","{""format"":""torch"",""generation_kwargs"":{""n_classes"":2,""n_features"":20,""n_informative"":5,""n_redundant"":0,""n_samples"":1000000},""source"":""make_classification"",""split_kwargs"":{""test_size"":0.2}}","{""n_classes"":2,""n_features"":20,""n_informative"":5,""n_redundant"":0,""n_samples"":1000000}","{""test_size"":0.2}"
sklearn,sklearn-torch-xpu,predict,RidgeClassifier,2.1078146784807994,0.32383242454279004,1.3734919484704733,0.6516189314424992,False,2026-05-29T13:33:57+00:00,2026-05-29T12:18:43+00:00,results/69cd73/results_20260529T133357Z.json,results/27bc44/results_20260529T121843Z.json,classification,sklearn,xpu,make_classification,torch,"{""solver"":""svd""}","{""format"":""torch"",""generation_kwargs"":{""n_classes"":2,""n_features"":200,""n_informative"":40,""n_redundant"":0,""n_samples"":100000},""source"":""make_classification"",""split_kwargs"":{""test_size"":0.2}}","{""n_classes"":2,""n_features"":200,""n_informative"":40,""n_redundant"":0,""n_samples"":100000}","{""test_size"":0.2}"
sklearn,sklearn-torch-xpu,predict,RidgeClassifier,12.503430547635935,1.0970291860883026,5.651712999679148,0.4520129878073931,False,2026-05-29T13:33:57+00:00,2026-05-29T12:18:43+00:00,results/69cd73/results_20260529T133357Z.json,results/27bc44/results_20260529T121843Z.json,classification,sklearn,xpu,make_classification,torch,"{""solver"":""svd""}","{""format"":""torch"",""generation_kwargs"":{""n_classes"":2,""n_features"":2000,""n_informative"":100,""n_redundant"":0,""n_samples"":10000},""source"":""make_classification"",""split_kwargs"":{""test_size"":0.2}}","{""n_classes"":2,""n_features"":2000,""n_informative"":100,""n_redundant"":0,""n_samples"":10000}","{""test_size"":0.2}"
